Sr No.,Name,Roll No,Branch,Python-1,SQL,Calculus-1,Python-2,Hackathon-1,Calculus-2,SM-1,Linear Algebra,Discrete Mathematics,Hackathon-2,DSA,SM-2
1,Felicia Johnson,STU0001,B.Tech AIDS,62.42,46.54,66.19,88.08,44.15,44.15,89.48,69.19,38.26,63.56,38.41,38.36
2,Joseph Gutierrez,STU0002,B.Tech AIDS,56.05,2.17,6.88,35.94,24.68,57.86,27.3,14.69,86.64,44.36,51.69,14.38
3,Kimberly Garrett,STU0003,B.Tech AIML,36.39,52.77,21.23,59.39,34.98,42.71,34.96,96.31,49.66,23.56,70.56,19.48
4,Darlene Carrillo,STU0004,B.Tech AIML,55.22,1.01,16.8,54.92,68.46,54.28,47.11,42.47,13.04,32.0,38.48,76.43
5,Patrick Webb,STU0005,B.Tech AIDS,58.59,5.92,58.1,40.37,33.08,65.29,75.77,73.28,29.02,42.27,58.28,74.39
6,Evan Pittman,STU0006,B.Tech AIDS,38.02,45.36,22.34,20.09,70.31,83.91,48.2,75.09,59.04,33.87,59.03,88.45
7,Renee Skinner,STU0007,B.Tech CSE,49.1,89.12,0.0,70.55,52.18,42.52,52.29,0.31,44.51,58.93,86.95,37.04
8,Amber Morris,STU0008,B.Tech AIDS,29.79,37.46,72.89,58.22,36.76,62.83,52.43,74.22,32.45,41.81,40.2,13.41
9,Diane Collier,STU0009,B.Tech AIDS,57.4,56.53,50.13,44.14,14.62,39.48,41.43,29.94,45.97,60.1,97.15,54.36
10,Christina Jimenez,STU0010,B.Tech AIML,56.44,48.14,2.03,49.34,51.51,100.0,45.19,57.54,49.13,20.78,78.57,68.8
11,Kathleen Carr,STU0011,B.Tech CSE,69.78,27.27,85.07,14.95,64.67,100.0,25.24,35.84,52.49,37.41,11.23,51.71
12,Mr. Brent Harris,STU0012,B.Tech AIDS,23.44,61.84,27.01,88.75,30.42,41.95,70.34,19.23,55.69,82.68,9.81,54.62
13,Hannah Martinez,STU0013,B.Tech AIML,56.5,69.55,19.08,16.99,63.05,57.42,56.26,58.66,33.0,55.81,57.33,32.14
14,Leah Bruce MD,STU0014,B.Tech AIML,96.64,61.85,20.22,66.41,25.63,69.68,78.96,29.48,74.08,60.32,70.55,97.42
15,Chelsea Jackson,STU0015,B.Tech CSE,43.87,31.16,27.76,29.6,48.07,58.53,56.92,70.68,50.33,86.34,43.38,100.0
16,Scott Ewing,STU0016,B.Tech AIML,65.64,28.57,23.23,62.06,44.41,67.85,61.83,48.18,28.83,12.13,38.84,71.41
17,Michelle Andrews,STU0017,B.Tech CSE,55.35,18.86,54.33,59.63,27.9,53.84,51.46,21.43,58.94,64.02,77.08,76.35
18,Alyssa Davidson,STU0018,B.Tech CSE,15.56,26.55,62.88,62.84,62.88,100.0,64.27,78.39,73.85,66.28,42.12,68.97
19,Justin Kane,STU0019,B.Tech AIML,30.68,44.08,37.87,52.05,100.0,3.32,67.16,9.68,38.2,77.22,51.61,23.06
20,Deanna Maldonado,STU0020,B.Tech AIML,32.12,66.99,31.74,55.41,51.14,33.71,100.0,65.85,0.0,54.66,33.46,71.31
21,Michael Herrera,STU0021,B.Tech AIML,30.19,47.13,62.62,71.64,19.99,41.64,38.13,33.67,94.14,60.12,18.48,72.95
22,Todd Vasquez,STU0022,B.Tech CSE,100.0,75.81,12.02,37.89,81.67,32.31,61.1,69.37,26.83,48.51,0.0,24.39
23,Nicholas Johnson,STU0023,B.Tech AIDS,43.69,18.81,90.81,14.25,39.0,53.27,86.03,14.1,79.08,50.26,25.46,61.55
24,Kimberly Page,STU0024,B.Tech AIDS,54.98,34.99,51.75,40.37,52.84,66.55,89.65,19.05,100.0,1.2,46.21,64.71
25,Michael Harvey,STU0025,B.Tech AIML,57.02,34.43,44.8,37.67,35.27,71.24,58.93,32.68,72.49,57.68,70.32,65.74
26,Christian Gomez,STU0026,B.Tech AIDS,29.28,36.0,68.68,65.26,49.48,52.93,81.94,35.21,63.68,44.95,44.56,77.47
27,Yolanda Hartman,STU0027,B.Tech AIML,70.64,70.34,82.64,50.53,67.05,42.24,58.1,46.75,52.42,64.88,29.54,100.0
28,Kimberly Gordon,STU0028,B.Tech AIDS,24.85,19.65,78.95,69.79,65.6,65.71,49.69,27.57,51.9,33.07,74.38,46.32
29,Joseph Nelson,STU0029,B.Tech AIML,29.36,41.97,60.32,35.91,29.44,56.09,56.12,37.33,38.22,55.8,13.8,14.81
30,Brittany Martin,STU0030,B.Tech AIML,32.04,44.66,57.77,86.88,71.44,46.0,49.52,24.94,49.54,42.78,58.07,29.32
31,Emily Carpenter,STU0031,B.Tech AIML,62.98,88.32,47.28,60.04,67.25,39.97,55.6,50.31,52.44,30.67,50.61,62.45
32,Johnathan Thomas,STU0032,B.Tech AIML,86.28,73.98,100.0,30.82,71.81,54.58,100.0,29.79,29.01,35.02,0.0,36.86
33,Katherine Sanders,STU0033,B.Tech CSE,31.02,53.76,58.54,96.9,73.76,35.58,27.54,62.3,16.99,95.79,79.49,38.27
34,Jonathan Williams,STU0034,B.Tech CSE,7.17,83.85,47.14,80.95,10.14,35.02,50.13,51.17,38.75,65.57,23.31,46.44
35,Keith Baldwin,STU0035,B.Tech AIML,53.01,62.86,67.79,21.88,11.65,81.94,58.31,31.29,88.78,52.89,79.48,51.69
36,Leonard Edwards,STU0036,B.Tech AIDS,100.0,93.88,43.78,74.29,66.13,84.22,25.88,67.15,76.46,6.03,20.42,0.0
37,Dana Garrett,STU0037,B.Tech AIML,43.26,67.94,87.56,51.85,90.72,15.5,7.42,48.61,59.6,49.18,0.0,47.77
38,Jennifer English,STU0038,B.Tech AIDS,17.39,66.74,59.16,26.5,37.15,23.52,48.43,73.88,25.36,62.6,36.74,30.18
39,Timothy Bean,STU0039,B.Tech CSE,47.32,24.12,36.16,20.05,99.12,50.88,32.51,55.35,47.19,44.48,65.35,68.94
40,Michelle Fernandez,STU0040,B.Tech CSE,36.74,35.6,43.12,0.0,12.12,84.17,91.12,43.77,64.41,57.78,100.0,77.99
41,Dominic Paul,STU0041,B.Tech CSE,46.8,26.11,9.84,55.09,31.09,14.44,33.84,22.96,92.18,72.04,49.8,87.0
42,Jacob Morris,STU0042,B.Tech AIML,51.93,28.47,88.08,63.47,24.07,45.24,28.11,15.43,73.15,97.74,15.04,64.07
43,Alexandra Mullins,STU0043,B.Tech AIDS,33.73,37.82,35.19,28.4,51.21,29.23,56.76,48.74,44.03,27.31,35.58,68.88
44,Joan Savage,STU0044,B.Tech AIDS,62.52,25.56,52.48,68.78,8.26,63.58,33.43,64.26,30.92,4.88,9.31,51.2
45,Michael Valenzuela,STU0045,B.Tech AIDS,56.49,27.39,65.96,8.46,48.35,19.72,33.7,51.18,28.49,40.39,75.16,35.58
46,Caitlin Hernandez,STU0046,B.Tech AIML,70.89,21.76,63.25,86.04,0.0,30.08,64.43,44.92,59.28,34.9,52.16,46.11
47,Robert Valentine,STU0047,B.Tech AIML,79.19,56.36,58.44,39.7,37.81,39.19,59.86,39.48,57.24,100.0,71.78,41.85
48,Francisco Johnson,STU0048,B.Tech CSE,80.03,39.8,0.0,24.8,3.23,41.21,50.46,91.91,58.17,44.52,70.74,0.0
49,Donna Cox,STU0049,B.Tech CSE,55.89,69.27,13.04,78.59,58.46,39.62,65.82,100.0,54.55,56.21,38.52,28.75
50,Sarah Jones,STU0050,B.Tech AIDS,70.76,28.6,51.79,38.06,61.97,58.34,75.94,37.25,43.25,25.53,38.89,59.43
51,Eric Wilkerson,STU0051,B.Tech AIML,68.92,26.95,71.74,83.89,60.34,96.92,30.66,18.88,5.53,87.4,66.36,48.61
52,Jamie Andrade,STU0052,B.Tech AIDS,57.0,21.86,100.0,53.23,52.73,68.14,62.03,55.6,30.24,61.79,97.05,83.64
53,Anthony Ortiz,STU0053,B.Tech AIDS,89.83,37.22,25.26,46.86,51.39,77.35,7.69,88.24,46.05,39.33,24.7,8.63
54,Gregory Gonzales,STU0054,B.Tech AIML,70.58,51.83,17.75,17.62,41.61,91.73,43.51,12.42,43.86,43.18,0.0,48.64
55,Alexandria Stanton,STU0055,B.Tech AIML,44.23,67.41,96.22,78.16,43.28,22.34,100.0,51.48,50.35,49.4,54.95,46.39
56,Ms. Janet Gonzalez,STU0056,B.Tech AIDS,35.66,36.33,49.18,36.41,32.18,52.66,43.63,87.6,0.0,77.29,81.15,0.0
57,Dennis Vance,STU0057,B.Tech AIML,41.43,40.71,14.81,30.55,22.24,93.81,73.39,81.79,68.04,21.77,36.89,62.23
58,Melanie Long,STU0058,B.Tech CSE,19.45,67.82,43.99,40.63,67.77,61.11,40.98,78.98,22.97,65.4,64.83,42.26
59,Mark Miller MD,STU0059,B.Tech CSE,58.15,18.72,73.1,45.38,36.93,76.23,32.39,14.79,11.08,65.15,17.99,93.87
60,Joseph Smith,STU0060,B.Tech AIDS,0.0,92.41,55.28,47.58,36.38,59.98,49.06,77.58,52.86,53.76,40.91,48.58
61,Dr. Michelle Cannon,STU0061,B.Tech AIML,57.7,7.25,16.3,68.58,54.27,45.4,50.46,58.69,36.51,30.54,54.9,25.54
62,Alicia Dougherty,STU0062,B.Tech AIML,60.21,7.44,75.73,61.81,56.4,74.57,91.64,75.36,3.98,18.01,34.38,50.65
63,Johnathan Villa,STU0063,B.Tech AIDS,62.94,31.86,54.67,31.12,34.71,14.83,26.92,16.21,25.6,76.34,26.27,100.0
64,Lisa Wilson,STU0064,B.Tech AIML,62.33,54.62,28.54,67.51,35.61,53.05,100.0,47.6,78.73,32.42,49.13,94.27
65,Lisa Roy,STU0065,B.Tech AIDS,34.33,95.31,67.69,35.94,65.81,74.31,65.55,10.74,31.82,43.81,48.14,65.52
66,Alexander Smith,STU0066,B.Tech AIDS,54.44,16.62,59.5,65.26,63.99,77.02,70.85,61.48,48.25,8.48,60.74,55.19
67,Martin Lindsey,STU0067,B.Tech CSE,56.79,18.08,22.97,76.33,49.01,67.04,50.71,50.74,73.46,37.1,52.4,38.44
68,Rebecca Ellis,STU0068,B.Tech AIML,39.14,42.27,55.55,38.03,81.39,27.63,45.33,39.01,86.17,54.91,75.8,12.86
69,Robert Juarez,STU0069,B.Tech CSE,56.68,72.24,52.06,76.64,37.07,85.23,100.0,40.93,38.86,86.33,89.49,36.93
70,Dawn Morris,STU0070,B.Tech CSE,39.5,42.96,16.39,27.03,24.9,30.81,49.13,55.86,88.76,25.04,74.61,44.65
71,Rebecca Wells,STU0071,B.Tech AIML,48.76,66.87,21.93,59.56,54.16,62.31,57.23,100.0,34.06,36.73,34.42,36.11
72,Barry Wells,STU0072,B.Tech AIML,34.07,79.73,85.51,35.73,29.19,61.79,36.19,65.82,55.07,12.11,88.69,94.9
73,Heidi Erickson,STU0073,B.Tech AIDS,34.68,40.31,57.15,58.36,66.46,100.0,45.58,30.04,15.52,31.73,49.17,94.86
74,Samantha Jordan,STU0074,B.Tech AIML,37.06,55.59,49.59,79.71,100.0,36.73,37.76,76.1,67.05,96.17,64.6,41.02
75,Scott Foster,STU0075,B.Tech AIDS,64.77,77.72,70.51,62.68,76.67,79.23,84.55,66.22,45.82,53.67,80.16,29.58
76,Benjamin Martin,STU0076,B.Tech AIML,59.22,40.17,50.72,81.96,54.78,51.16,16.0,68.66,66.14,100.0,42.31,55.48
77,Dawn Davis,STU0077,B.Tech AIML,56.23,89.44,47.62,56.98,65.2,54.67,38.84,54.85,76.84,24.34,53.32,32.5
78,Joshua Torres,STU0078,B.Tech CSE,79.88,11.92,36.03,59.43,89.14,48.36,36.12,97.03,13.8,0.0,61.0,37.45
79,Brian Webster,STU0079,B.Tech AIML,24.47,67.71,56.1,35.9,17.99,71.81,66.26,47.52,96.17,23.25,11.86,32.7
80,Megan Smith,STU0080,B.Tech AIDS,48.86,56.08,43.97,58.8,18.71,86.09,47.95,77.93,58.57,61.42,64.24,61.19
81,Alexis Aguirre,STU0081,B.Tech CSE,66.07,83.23,54.91,67.73,47.76,86.0,33.09,95.02,49.0,14.23,53.2,32.97
82,Shelly Thomas,STU0082,B.Tech CSE,71.02,33.68,38.85,2.76,38.69,0.0,10.4,69.01,69.65,60.64,25.83,48.81
83,Stephanie Sanchez,STU0083,B.Tech AIDS,49.91,21.04,87.58,71.93,44.48,50.67,55.21,0.0,43.82,32.95,24.96,42.97
84,Allen Carrillo,STU0084,B.Tech AIDS,94.94,66.02,35.72,64.31,84.98,73.12,51.49,33.83,67.46,59.84,72.38,65.88
85,Rachel Wright,STU0085,B.Tech AIDS,76.24,36.62,82.93,54.94,100.0,32.77,93.4,54.95,33.71,37.9,41.99,60.6
86,Daniel James,STU0086,B.Tech CSE,63.07,35.66,49.39,100.0,93.19,60.91,50.95,53.0,65.34,24.43,43.57,8.29
87,Michael Olson,STU0087,B.Tech CSE,59.98,66.18,37.92,89.35,19.36,13.39,55.61,76.18,92.1,38.53,76.97,49.04
88,Mr. Joseph Walker,STU0088,B.Tech AIML,45.68,72.09,66.31,10.59,86.91,84.5,34.36,59.9,62.35,56.52,36.24,33.21
89,Michelle Mckenzie,STU0089,B.Tech CSE,49.36,79.32,63.59,40.73,69.29,0.0,78.72,6.51,40.94,22.01,17.63,79.02
90,Kevin Holmes,STU0090,B.Tech CSE,38.31,58.66,48.83,61.93,51.92,17.93,74.91,37.66,11.09,39.3,87.52,71.26
91,Amanda George,STU0091,B.Tech CSE,41.28,41.27,41.96,100.0,59.55,60.75,75.76,55.97,43.52,45.09,48.21,49.07
92,Jennifer Fischer,STU0092,B.Tech AIML,68.19,51.3,68.32,47.98,51.97,0.04,72.91,58.66,74.95,0.0,100.0,46.51
93,George Townsend,STU0093,B.Tech CSE,77.7,24.0,65.32,23.66,34.41,97.85,45.23,55.44,71.75,62.39,53.76,59.12
94,Kenneth Morrison,STU0094,B.Tech AIML,100.0,48.56,55.03,76.27,77.64,79.68,65.97,21.42,90.84,21.34,57.57,31.14
95,Joel Rodriguez,STU0095,B.Tech CSE,48.4,58.22,58.03,60.55,90.34,61.34,43.9,74.1,79.74,19.31,64.94,67.53
96,David Garza,STU0096,B.Tech AIML,42.56,84.39,46.25,53.14,45.67,50.39,22.59,14.0,89.86,28.83,25.22,0.0
97,Mary Lewis,STU0097,B.Tech AIDS,34.03,16.92,91.05,75.25,32.8,100.0,74.54,41.88,0.0,100.0,15.26,8.87
98,Candice Smith,STU0098,B.Tech AIDS,75.56,100.0,84.61,64.1,64.87,71.34,68.97,57.03,52.61,48.44,31.15,42.98
99,Sara Lee,STU0099,B.Tech AIDS,7.68,47.54,25.29,22.41,54.5,84.8,72.96,10.74,25.26,73.52,25.44,44.38
100,Alejandro Hanson,STU0100,B.Tech CSE,63.75,25.79,52.63,16.65,34.97,57.99,10.18,61.01,49.51,63.81,55.6,84.1
101,Julie Atkins,STU0101,B.Tech AIDS,53.13,39.26,53.06,63.58,51.22,51.01,32.45,33.43,14.93,93.74,18.9,32.68
102,Kenneth Leon,STU0102,B.Tech AIML,32.04,72.37,42.63,81.19,33.16,56.97,29.12,100.0,20.31,57.75,65.84,60.34
103,Benjamin Brennan,STU0103,B.Tech AIDS,45.37,46.75,51.1,46.32,74.1,100.0,36.06,15.75,47.79,100.0,29.91,90.98
104,Tiffany Newman,STU0104,B.Tech CSE,91.94,36.16,64.22,90.71,40.52,44.91,35.46,24.63,33.77,19.4,50.85,30.75
105,Renee Schwartz,STU0105,B.Tech AIML,55.84,11.1,58.27,70.84,0.16,59.35,80.69,19.76,91.81,60.48,32.37,48.61
106,Heidi Henderson,STU0106,B.Tech CSE,63.96,51.9,63.47,26.98,54.23,14.66,47.22,27.4,31.61,80.9,77.28,65.23
107,Susan Watson,STU0107,B.Tech AIML,22.69,42.09,80.33,53.54,100.0,59.83,54.8,42.27,53.34,46.19,67.7,73.92
108,Emily Johns,STU0108,B.Tech AIML,30.35,16.72,4.09,62.7,22.42,0.0,59.71,100.0,49.85,70.96,52.05,47.53
109,Steven Arnold,STU0109,B.Tech AIDS,72.98,42.74,56.68,58.04,33.3,74.8,45.63,31.11,63.41,27.54,50.7,49.77
110,Brandon Guerrero,STU0110,B.Tech AIML,77.15,61.87,49.37,70.44,84.76,63.95,50.26,17.2,23.37,42.37,34.76,45.33
111,Tammy Andersen,STU0111,B.Tech CSE,51.42,63.24,48.24,62.16,51.61,0.61,26.52,46.4,19.76,65.0,88.27,80.47
112,Timothy Wallace,STU0112,B.Tech AIML,44.66,87.27,53.72,41.57,34.66,42.44,40.3,54.26,54.01,50.08,60.92,79.77
113,Brittany Kim,STU0113,B.Tech AIML,73.74,12.88,0.0,73.36,15.83,44.38,20.75,4.95,63.54,68.98,35.59,0.0
114,Timothy Myers,STU0114,B.Tech CSE,36.34,59.8,13.03,54.58,49.62,64.48,52.99,25.67,79.91,46.04,49.32,26.67
115,Amanda Bates,STU0115,B.Tech AIML,38.92,27.88,45.68,92.79,15.7,9.66,86.78,44.77,33.27,76.0,34.86,95.65
116,Christine Liu,STU0116,B.Tech AIDS,66.95,37.8,100.0,34.86,68.55,57.48,82.54,89.04,50.8,31.16,61.5,33.06
117,Madison Johnson,STU0117,B.Tech AIML,100.0,53.41,40.87,54.62,16.32,25.71,80.01,33.58,23.83,63.42,79.64,67.97
118,Rhonda Mason,STU0118,B.Tech CSE,74.9,31.08,14.45,87.53,41.93,43.73,83.2,63.91,61.4,100.0,33.91,73.2
119,Marc Decker,STU0119,B.Tech AIDS,51.43,56.71,88.21,62.7,63.46,76.81,40.88,29.02,23.88,0.84,100.0,22.42
120,Christian Miller,STU0120,B.Tech AIML,44.47,43.08,57.69,70.39,71.51,35.42,45.82,57.06,43.78,90.18,62.27,68.37
121,Elizabeth Johnson,STU0121,B.Tech AIDS,66.57,79.34,54.53,17.58,59.99,33.72,36.78,64.66,80.96,50.53,57.72,92.56
122,Dylan Jones,STU0122,B.Tech CSE,56.02,100.0,64.14,5.98,68.83,59.53,82.24,66.83,46.54,19.39,44.77,28.74
123,Jennifer Butler,STU0123,B.Tech CSE,35.49,64.71,91.75,59.87,20.1,61.12,79.92,34.76,46.65,50.37,30.38,66.21
124,Evan Gray,STU0124,B.Tech AIML,46.98,60.49,27.81,39.06,68.06,40.68,93.17,40.01,55.62,73.31,14.54,5.98
125,David Diaz,STU0125,B.Tech AIML,11.86,81.56,36.2,100.0,35.89,54.61,88.55,100.0,100.0,80.21,75.6,64.81
126,Christopher Graves,STU0126,B.Tech CSE,69.46,36.22,29.55,49.92,45.75,38.67,67.41,73.88,52.21,86.94,21.46,45.16
127,Kristen Combs,STU0127,B.Tech CSE,32.08,3.34,47.93,46.96,87.84,65.77,24.4,96.35,80.53,64.55,44.34,26.01
128,Sandra Brown,STU0128,B.Tech CSE,40.69,77.22,97.11,88.58,37.78,22.01,53.52,5.79,58.08,46.31,38.35,10.13
129,John Prince,STU0129,B.Tech AIML,62.84,36.68,20.75,0.0,49.31,94.31,91.53,38.57,34.94,61.72,25.04,57.54
130,Shawn Medina,STU0130,B.Tech AIDS,69.15,80.67,47.5,44.91,28.05,29.33,44.34,59.18,72.84,29.92,87.32,43.22
131,Nicholas Lam,STU0131,B.Tech AIDS,49.47,31.32,0.0,72.1,68.42,42.97,51.67,62.9,10.94,36.77,69.86,18.64
132,Anthony Smith,STU0132,B.Tech AIML,57.34,16.09,61.66,49.11,9.62,79.12,31.64,29.74,55.01,78.72,24.6,51.54
133,Randall Harris,STU0133,B.Tech AIML,60.72,67.33,54.41,40.82,29.31,52.15,23.2,0.0,60.91,72.6,0.0,24.76
134,Brittney Anderson,STU0134,B.Tech CSE,65.48,100.0,50.52,31.8,45.43,84.37,33.85,30.02,37.93,26.17,53.07,90.62
135,Alexis Rosario,STU0135,B.Tech AIDS,58.08,43.69,42.7,10.92,72.08,48.05,45.49,100.0,57.47,31.21,39.34,78.71
136,James Watts,STU0136,B.Tech CSE,52.83,14.04,72.98,33.3,96.83,77.0,38.82,82.03,51.7,71.32,62.12,28.84
137,Stephen Larson,STU0137,B.Tech AIML,33.91,75.75,41.63,39.91,26.12,60.59,100.0,23.31,50.61,85.31,48.01,61.31
138,Brenda Wilcox,STU0138,B.Tech CSE,23.44,60.71,45.32,74.64,79.68,100.0,64.49,58.14,54.86,41.17,58.46,42.61
139,Victoria Hansen,STU0139,B.Tech AIML,54.21,82.94,24.84,78.5,82.93,47.05,0.0,34.8,82.42,49.43,25.02,37.38
140,Robert Knight,STU0140,B.Tech AIML,71.02,63.67,44.03,40.83,40.21,26.94,90.38,41.94,80.43,88.03,74.96,39.21
141,Carlos Williams,STU0141,B.Tech AIDS,60.09,49.4,27.41,58.11,20.52,79.69,38.38,55.03,57.08,43.53,64.67,38.13
142,Douglas Thomas,STU0142,B.Tech AIML,71.78,16.35,53.16,98.47,24.99,33.06,62.85,54.49,58.77,62.23,65.87,77.74
143,Susan Whitehead,STU0143,B.Tech AIDS,60.25,43.97,66.81,97.5,46.68,25.64,77.68,46.99,0.0,71.19,36.62,47.74
144,Andrea Walker,STU0144,B.Tech AIML,58.3,54.76,67.74,39.11,62.83,43.51,68.47,65.38,26.61,77.15,36.6,70.2
145,Heather Gill,STU0145,B.Tech AIML,59.18,95.95,44.41,41.27,49.51,42.42,70.0,9.59,23.66,23.3,73.76,92.77
146,Ricky Lopez,STU0146,B.Tech AIML,47.39,45.78,51.75,79.05,26.82,55.96,74.38,62.53,54.74,75.03,0.0,66.95
147,Elizabeth Greene,STU0147,B.Tech CSE,33.65,4.23,62.78,84.34,46.56,73.82,90.31,82.87,91.0,68.55,51.89,9.95
148,Gregory Nguyen,STU0148,B.Tech AIML,43.85,28.92,100.0,45.6,53.08,63.79,51.09,92.38,34.43,54.87,31.44,17.0
149,John Clark,STU0149,B.Tech AIDS,34.71,49.07,39.27,32.69,14.84,47.92,12.38,69.0,52.06,13.56,42.27,31.2
150,Brianna Pena,STU0150,B.Tech AIML,57.98,83.51,3.12,52.88,46.0,66.78,55.33,31.2,42.02,30.1,76.9,50.53
151,Chris Lee,STU0151,B.Tech AIML,97.53,48.48,32.29,12.16,4.92,10.4,56.68,62.72,10.47,72.38,37.92,53.67
152,Patricia Mcdaniel,STU0152,B.Tech AIML,90.31,72.42,43.29,27.72,0.0,32.02,44.72,25.32,46.72,51.92,44.38,33.75
153,Anthony Smith,STU0153,B.Tech CSE,54.22,61.05,22.74,85.27,47.54,50.47,67.71,55.83,73.83,57.18,34.69,59.04
154,Patrick Garcia,STU0154,B.Tech AIDS,21.41,52.71,49.17,44.8,46.79,2.95,36.28,52.32,54.0,24.31,81.64,28.35
155,Dr. Samantha Herrera,STU0155,B.Tech AIDS,74.24,60.68,33.84,94.38,20.16,72.98,75.01,33.23,84.81,43.75,57.22,56.51
156,Matthew Williams,STU0156,B.Tech CSE,46.64,70.27,69.84,6.29,82.61,8.44,75.81,78.17,22.73,39.73,22.36,44.63
157,Megan Strickland,STU0157,B.Tech CSE,42.3,69.49,82.76,84.89,35.95,44.77,7.91,29.85,74.12,90.39,19.14,35.19
158,Jaclyn Gomez,STU0158,B.Tech CSE,49.34,57.0,29.76,60.6,38.15,49.64,63.66,50.16,39.09,47.26,47.79,40.75
159,Benjamin Wheeler,STU0159,B.Tech AIDS,43.53,89.97,64.02,42.61,67.42,41.65,79.33,59.24,47.32,61.19,10.73,21.83
160,Marisa Nunez,STU0160,B.Tech AIDS,20.15,53.57,93.31,100.0,65.95,62.52,4.97,36.43,30.31,34.48,45.8,38.2
161,Sherry Stout,STU0161,B.Tech CSE,0.52,68.7,23.18,55.98,100.0,27.02,0.0,42.85,77.52,98.96,19.26,62.42
162,Jason Pacheco,STU0162,B.Tech CSE,38.37,47.35,100.0,12.43,56.34,61.69,77.14,52.45,57.7,40.21,56.73,41.42
163,Kristina King,STU0163,B.Tech CSE,65.54,40.76,59.43,49.27,78.15,48.72,5.67,81.55,27.36,33.66,35.11,84.36
164,Morgan Boyd,STU0164,B.Tech AIDS,0.0,100.0,76.4,55.58,48.63,57.14,63.03,66.13,63.89,52.24,45.07,46.22
165,Stacey Harvey,STU0165,B.Tech AIML,45.13,78.34,64.84,0.0,66.4,54.87,49.53,40.29,78.1,73.69,30.68,60.18
166,Nathan Armstrong,STU0166,B.Tech CSE,25.71,15.51,34.33,71.56,73.83,62.83,68.13,62.9,33.96,60.8,70.01,68.86
167,Erica Harvey,STU0167,B.Tech AIDS,79.72,67.71,58.79,76.75,49.34,27.95,45.92,31.38,33.12,46.39,30.19,42.3
168,John Maxwell,STU0168,B.Tech AIML,2.66,55.33,50.03,29.57,66.48,73.44,9.81,30.93,30.77,26.5,70.74,45.15
169,Brian Klein,STU0169,B.Tech AIDS,43.39,0.0,65.89,19.02,51.5,56.93,84.02,17.28,0.0,54.6,95.01,80.97
170,Laurie Robinson,STU0170,B.Tech CSE,55.24,37.71,70.18,25.66,61.91,62.64,76.51,100.0,59.81,37.28,49.36,5.77
171,Sarah Reed,STU0171,B.Tech AIDS,32.63,39.77,36.9,53.81,29.44,78.03,50.01,49.77,41.8,53.88,70.63,28.32
172,Adam Leon,STU0172,B.Tech AIDS,33.55,42.41,16.35,29.52,38.09,71.86,56.56,54.84,71.27,46.57,59.76,47.42
173,Travis Harvey,STU0173,B.Tech CSE,56.63,35.43,0.0,46.64,85.57,73.16,74.13,80.9,52.22,54.93,34.56,42.1
174,Micheal Torres,STU0174,B.Tech AIML,65.39,80.1,46.51,38.75,50.01,65.03,13.9,0.0,36.24,19.48,37.3,46.31
175,Wendy Wilson,STU0175,B.Tech CSE,38.67,86.31,58.17,57.51,65.56,21.53,75.98,48.11,66.76,23.2,11.16,70.45
176,Kevin Guzman,STU0176,B.Tech AIDS,59.41,27.45,28.26,78.14,20.26,91.07,27.48,65.96,41.78,65.08,36.4,45.93
177,Jason Rogers,STU0177,B.Tech CSE,51.02,24.95,68.52,37.17,44.29,25.14,0.0,45.22,100.0,69.62,49.52,43.43
178,Mr. Perry Turner III,STU0178,B.Tech AIML,50.56,63.68,20.48,77.86,67.88,67.95,60.96,50.49,66.82,64.8,41.15,35.66
179,Steven Wang,STU0179,B.Tech AIDS,52.55,88.73,19.02,13.31,54.12,51.27,54.33,56.1,44.42,87.25,9.98,29.29
180,Amber Maldonado,STU0180,B.Tech AIML,47.42,8.92,45.6,91.54,50.52,55.77,18.5,34.59,40.62,42.06,82.04,63.94
181,Lisa Strickland,STU0181,B.Tech CSE,22.21,56.16,62.46,78.5,89.51,24.62,29.73,18.56,44.15,61.66,74.68,48.1
182,Kevin Johnson,STU0182,B.Tech CSE,42.0,53.79,29.12,100.0,9.81,54.62,100.0,50.17,45.25,41.06,45.49,84.32
183,Alyssa Turner,STU0183,B.Tech CSE,0.0,88.34,14.4,43.33,39.27,64.71,10.05,61.55,100.0,15.92,54.74,33.45
184,Paige Weiss,STU0184,B.Tech AIML,60.65,50.48,33.96,62.2,95.11,45.23,67.99,17.67,26.09,61.81,87.1,58.89
185,Terri Martin,STU0185,B.Tech CSE,42.17,49.98,18.74,65.11,72.06,38.7,38.25,56.65,39.08,48.35,100.0,43.82
186,Linda Le,STU0186,B.Tech AIML,41.04,33.81,68.6,45.47,33.77,83.03,85.49,34.99,3.34,75.19,32.88,69.77
187,Lisa Acevedo,STU0187,B.Tech CSE,0.75,72.31,19.72,68.27,50.36,26.15,39.82,67.16,52.65,64.61,99.41,10.89
188,Crystal Evans,STU0188,B.Tech CSE,90.43,52.61,27.53,16.74,45.27,73.04,46.81,87.78,13.72,49.7,18.69,59.09
189,Nicole Lopez,STU0189,B.Tech CSE,72.17,39.48,0.0,54.97,60.92,60.11,80.89,23.22,67.01,79.81,5.54,57.99
190,Kelly Lee,STU0190,B.Tech AIDS,37.4,47.96,58.69,37.82,33.11,50.85,22.82,22.85,66.98,21.28,66.66,61.56
191,Anna George,STU0191,B.Tech AIML,6.85,33.06,79.85,25.47,38.39,61.55,69.58,43.71,35.06,85.56,93.47,74.47
192,Kathleen Palmer,STU0192,B.Tech CSE,52.13,29.79,29.24,63.06,60.46,85.04,66.26,12.42,76.3,25.05,40.4,56.26
193,Jason Moyer,STU0193,B.Tech CSE,99.89,100.0,65.17,45.42,63.36,72.19,41.98,94.88,55.75,62.44,66.65,60.54
194,Vincent Lowe,STU0194,B.Tech AIML,70.97,34.57,36.04,22.5,60.99,69.47,61.44,91.86,49.86,66.72,22.71,40.32
195,Blake Ramos,STU0195,B.Tech AIML,67.39,71.23,42.65,48.21,12.05,41.07,72.26,64.38,62.52,51.24,50.18,33.49
196,Kelsey Maxwell,STU0196,B.Tech CSE,67.47,60.52,62.3,36.85,0.0,77.43,38.03,28.43,67.34,40.2,76.5,65.43
197,Taylor Watts,STU0197,B.Tech AIML,67.09,15.85,80.3,56.53,40.77,53.58,5.59,60.22,24.27,16.18,11.94,77.82
198,Jennifer Russo,STU0198,B.Tech CSE,34.27,88.34,36.6,7.32,22.09,80.9,46.1,36.29,54.0,62.54,77.93,86.21
199,Kimberly Jensen,STU0199,B.Tech AIML,41.01,16.85,39.66,56.51,25.91,26.07,58.59,48.78,50.82,31.04,44.24,26.89
200,Benjamin Dixon,STU0200,B.Tech CSE,72.25,75.88,3.85,26.76,12.59,33.75,47.91,13.76,26.95,24.9,55.18,51.73
201,Jessica Rivera,STU0201,B.Tech AIDS,31.96,54.42,36.33,43.21,91.84,83.51,17.51,70.74,70.28,21.29,70.47,88.45
202,Denise Dean,STU0202,B.Tech AIDS,21.94,27.06,75.44,56.79,63.79,58.51,59.77,16.84,76.18,79.24,44.27,48.91
203,Sheila Meyer,STU0203,B.Tech CSE,11.72,62.86,64.3,48.45,78.11,41.65,64.12,24.51,49.41,45.64,55.63,40.76
204,Ronnie Rangel,STU0204,B.Tech CSE,46.71,70.65,39.08,9.84,93.74,84.54,17.69,67.24,37.43,56.59,57.36,44.14
205,Barbara Wong,STU0205,B.Tech CSE,30.41,32.74,27.1,29.2,48.32,32.11,67.05,87.18,35.5,55.99,62.49,61.8
206,Jennifer Cook,STU0206,B.Tech CSE,51.9,68.57,62.06,19.06,71.73,72.18,30.92,50.95,67.08,44.77,76.82,100.0
207,Angela Jensen,STU0207,B.Tech AIML,30.35,15.47,57.6,68.04,44.23,86.33,16.53,67.32,34.85,92.98,99.81,30.83
208,Daniel Burnett,STU0208,B.Tech CSE,36.26,71.49,40.32,48.86,50.63,2.01,49.65,32.76,37.67,86.09,18.59,70.33
209,Steven Braun,STU0209,B.Tech CSE,43.03,43.01,69.76,58.5,64.27,74.2,41.72,34.69,22.87,29.36,100.0,81.12
210,Jeffrey Barrett,STU0210,B.Tech CSE,16.22,16.94,62.05,63.68,63.72,43.63,46.86,58.2,52.15,0.0,44.26,28.71
211,John Howard,STU0211,B.Tech AIML,54.38,100.0,59.19,42.16,73.05,62.07,60.5,65.17,100.0,21.73,61.84,26.84
212,Timothy Brown,STU0212,B.Tech AIDS,63.89,27.03,39.57,42.62,74.4,72.96,18.86,51.37,32.26,18.54,44.57,42.29
213,Kristen Bryan,STU0213,B.Tech AIDS,100.0,60.82,15.56,35.88,75.53,100.0,10.35,3.0,96.77,59.74,28.29,63.37
214,Brandon Mendoza,STU0214,B.Tech CSE,0.0,50.08,58.2,73.11,24.65,52.14,26.86,56.38,27.62,39.8,25.1,66.28
215,Pamela Wagner,STU0215,B.Tech AIDS,71.46,44.13,50.96,13.79,42.51,48.74,100.0,22.2,86.6,74.92,57.02,93.97
216,Philip Rhodes,STU0216,B.Tech CSE,59.3,59.73,48.67,80.59,77.41,34.36,17.02,44.93,30.0,48.41,80.94,38.57
217,Louis Hawkins,STU0217,B.Tech AIDS,48.93,51.45,71.21,0.0,34.83,55.28,80.0,37.7,3.09,65.49,34.12,20.26
218,Brad Craig,STU0218,B.Tech CSE,34.39,45.39,34.88,0.0,72.43,81.87,66.29,21.56,44.96,49.84,64.97,66.71
219,Jacob Barnes,STU0219,B.Tech CSE,31.65,52.05,61.43,86.4,67.61,69.73,52.1,85.26,60.24,28.47,85.08,67.45
220,Kristin Miller,STU0220,B.Tech AIDS,38.92,38.01,57.41,61.58,54.93,57.78,92.5,76.79,54.77,73.53,24.19,59.95
221,Adam Smith,STU0221,B.Tech AIDS,95.23,44.55,28.81,33.7,22.76,30.38,40.74,14.86,50.39,72.56,27.31,87.98
222,Travis Murray,STU0222,B.Tech CSE,62.77,75.76,33.55,71.36,22.7,72.26,54.3,63.83,20.61,27.62,64.93,26.29
223,Adam Moore,STU0223,B.Tech AIML,61.58,15.82,71.2,19.19,63.81,65.64,32.58,64.55,56.51,36.53,24.79,0.93
224,Todd Hernandez,STU0224,B.Tech CSE,58.74,10.88,52.38,43.41,66.98,42.45,41.76,68.3,58.38,57.9,61.73,11.61
225,Ethan Kramer,STU0225,B.Tech AIML,68.92,65.31,24.58,43.9,49.02,46.64,58.35,85.78,77.04,17.19,65.55,83.22
226,James Perkins,STU0226,B.Tech CSE,59.67,77.27,100.0,75.59,56.23,76.13,53.62,50.6,41.21,89.09,29.54,88.31
227,Christina Williams,STU0227,B.Tech CSE,62.5,15.02,59.19,0.0,65.64,72.13,35.19,53.09,98.85,37.36,23.53,87.04
228,Jamie Freeman,STU0228,B.Tech AIML,99.06,50.09,75.29,83.54,31.44,37.87,80.77,92.13,64.07,28.0,99.68,36.73
229,Ray Santana,STU0229,B.Tech AIML,41.62,58.56,88.85,71.35,60.37,61.58,51.09,63.95,0.0,42.58,56.03,21.22
230,Christian Clark,STU0230,B.Tech AIML,59.66,44.89,93.89,89.33,38.35,46.23,48.15,38.71,54.88,31.04,21.73,65.57
231,Tammie Moore,STU0231,B.Tech AIDS,65.74,29.89,72.38,34.21,56.33,70.51,49.16,61.37,37.09,45.09,44.85,31.34
232,Stacy Wilson DDS,STU0232,B.Tech AIML,45.58,11.28,37.72,42.88,43.6,43.96,48.46,61.99,71.86,33.76,19.92,23.95
233,Wesley Lewis,STU0233,B.Tech AIML,37.82,41.2,30.75,17.6,38.6,54.54,64.88,36.06,39.68,26.83,49.21,28.79
234,Lori Phillips,STU0234,B.Tech AIML,64.33,5.35,41.01,57.53,54.6,100.0,58.75,24.9,47.61,5.59,47.99,29.17
235,Melissa Martinez,STU0235,B.Tech CSE,72.88,36.26,47.08,34.11,93.47,41.97,95.81,70.35,62.05,59.22,59.84,1.81
236,Jennifer Mason,STU0236,B.Tech AIDS,43.03,71.13,48.78,14.87,48.69,92.6,81.17,48.45,73.79,40.84,7.4,26.89
237,Gene Henry,STU0237,B.Tech CSE,89.07,43.15,43.92,42.5,97.6,90.65,100.0,46.02,57.39,12.08,86.92,20.81
238,Stephanie Davis,STU0238,B.Tech CSE,55.42,22.57,35.28,29.07,34.8,36.52,36.29,70.83,22.38,55.51,80.45,37.17
239,Karen Romero,STU0239,B.Tech AIDS,32.05,44.24,79.49,54.85,36.72,62.1,22.44,67.03,60.22,42.3,29.04,27.83
240,Philip Gonzalez,STU0240,B.Tech CSE,63.37,80.72,34.07,61.46,0.0,35.38,49.22,27.26,26.59,33.31,57.3,45.32
241,Elizabeth Shaffer,STU0241,B.Tech AIDS,0.0,0.0,34.83,61.44,0.0,37.51,36.84,84.71,40.37,59.57,53.53,0.0
242,Sarah Grimes,STU0242,B.Tech AIDS,69.21,55.38,62.71,100.0,0.0,93.12,42.81,57.18,48.86,39.39,35.75,58.24
243,Brittany Neal,STU0243,B.Tech AIML,12.07,68.76,39.6,21.75,38.75,81.43,36.62,58.96,31.73,68.95,67.14,96.22
244,Andrew Pennington,STU0244,B.Tech CSE,45.61,66.72,52.45,82.4,32.03,68.63,45.13,48.4,52.29,56.31,47.09,55.37
245,Jacob Mcintyre,STU0245,B.Tech CSE,89.45,74.64,71.73,38.61,27.77,73.88,71.9,86.82,34.9,44.26,9.01,40.19
246,Joseph Barrett,STU0246,B.Tech AIDS,74.91,38.34,66.01,45.24,58.1,21.31,52.13,0.0,45.33,9.24,80.15,69.44
247,Amber Lee,STU0247,B.Tech AIML,61.67,88.03,26.28,93.68,73.3,44.09,78.39,22.34,29.39,34.79,36.78,23.59
248,Sharon King,STU0248,B.Tech CSE,80.58,43.53,58.81,35.74,4.48,56.75,2.19,48.28,15.79,99.68,72.78,52.64
249,Michael Conrad,STU0249,B.Tech AIDS,81.59,28.84,63.59,55.0,56.6,81.81,68.31,57.22,8.63,26.0,46.93,52.33
250,Andrew Schwartz,STU0250,B.Tech AIDS,21.74,100.0,87.91,65.05,51.8,44.69,26.2,51.94,56.44,18.96,58.35,46.12
251,Andrew Bartlett,STU0251,B.Tech CSE,2.3,28.49,39.66,97.19,63.91,16.61,62.15,11.32,77.07,38.22,47.66,83.14
252,Christine Payne,STU0252,B.Tech CSE,17.82,15.07,35.41,75.96,12.02,0.0,38.72,63.79,80.01,38.42,39.71,78.85
253,Joshua Allen,STU0253,B.Tech CSE,3.26,40.29,54.76,61.23,37.25,50.86,0.0,33.54,61.34,25.44,51.47,61.17
254,Andre Irwin,STU0254,B.Tech CSE,41.44,54.26,25.93,44.83,65.26,53.92,35.34,55.61,67.87,0.0,78.98,41.59
255,Dennis Roman,STU0255,B.Tech AIDS,60.64,79.93,15.71,32.26,42.79,30.41,93.37,28.58,36.11,55.11,19.95,40.11
256,Brooke Bowman,STU0256,B.Tech AIML,57.94,41.68,47.67,36.77,12.14,58.04,93.87,50.46,55.63,67.32,18.27,92.56
257,Brian Burton,STU0257,B.Tech AIDS,55.06,90.8,31.67,95.45,69.38,63.83,55.85,43.79,80.01,53.51,0.82,22.07
258,Janet Gonzalez,STU0258,B.Tech AIML,45.35,57.75,48.59,80.47,1.22,53.59,4.55,68.99,47.64,60.49,28.4,81.99
259,Virginia Michael,STU0259,B.Tech AIML,76.04,64.59,46.76,64.5,32.33,71.39,91.24,76.77,31.76,59.04,17.67,64.31
260,Michael Garcia,STU0260,B.Tech AIML,61.27,3.25,20.96,42.92,42.48,19.76,59.72,56.29,45.14,31.11,76.22,91.39
261,Linda Kelly,STU0261,B.Tech CSE,37.91,34.7,62.28,41.05,46.52,68.49,2.27,82.96,51.82,39.71,47.77,49.06
262,John Wilson,STU0262,B.Tech AIDS,6.72,87.37,51.03,61.08,73.79,24.47,61.84,43.31,71.17,0.0,47.52,34.93
263,James Hebert,STU0263,B.Tech AIML,60.81,61.75,32.31,32.2,47.23,27.58,71.05,40.77,0.0,40.63,24.04,9.22
264,Jonathan Anderson,STU0264,B.Tech CSE,19.06,52.74,83.22,57.83,34.84,61.4,38.52,32.63,21.14,6.2,40.25,53.95
265,Stephanie Medina,STU0265,B.Tech AIDS,47.58,39.6,26.36,65.21,17.07,69.4,24.94,31.19,13.33,37.46,74.38,62.89
266,Curtis Booth,STU0266,B.Tech CSE,74.46,63.05,22.41,41.73,30.5,83.26,20.08,72.34,72.32,95.74,39.76,67.81
267,Amber Davis,STU0267,B.Tech AIDS,100.0,34.56,11.62,3.0,67.82,2.92,40.69,60.93,54.63,60.64,55.56,81.97
268,Adam Meyers,STU0268,B.Tech AIML,26.19,33.08,30.68,70.75,72.51,61.28,79.59,20.55,91.68,88.08,68.39,94.54
269,Charles Sellers,STU0269,B.Tech CSE,8.58,36.89,31.62,68.04,23.75,68.94,84.26,67.38,57.09,25.3,28.83,81.24
270,Julie Steele,STU0270,B.Tech AIML,69.48,49.02,39.55,0.0,23.23,97.79,17.99,54.74,75.19,18.63,54.62,73.45
271,Mrs. Kayla Price,STU0271,B.Tech AIML,50.31,100.0,8.29,76.47,45.68,69.3,61.03,31.67,55.72,3.55,65.08,57.45
272,Shane Short,STU0272,B.Tech AIML,65.97,76.45,59.19,53.7,27.97,32.19,79.67,85.91,44.05,51.15,27.38,79.32
273,Vanessa Mcguire,STU0273,B.Tech AIDS,66.64,98.53,28.04,40.55,55.79,66.16,44.61,28.18,72.04,68.03,27.09,83.89
274,Michael Cowan,STU0274,B.Tech AIML,79.25,53.36,51.99,63.85,28.46,50.75,0.0,71.91,10.96,87.59,41.75,44.71
275,Diane Hernandez,STU0275,B.Tech AIML,34.31,42.8,85.46,0.0,81.92,58.45,19.82,23.12,91.91,26.36,21.17,78.43
276,Dakota Carson,STU0276,B.Tech CSE,58.46,26.55,55.42,24.36,77.52,76.53,63.3,59.04,94.03,49.99,20.45,61.24
277,Anthony Jacobs,STU0277,B.Tech CSE,100.0,24.63,40.96,60.41,48.65,25.44,78.05,100.0,54.9,27.4,11.28,56.45
278,Ray Fitzgerald,STU0278,B.Tech CSE,77.6,61.88,49.94,35.27,22.7,70.87,72.84,11.36,89.75,64.35,84.99,16.45
279,Lisa Thomas,STU0279,B.Tech AIDS,15.85,46.28,62.57,94.91,67.65,43.93,24.34,80.75,25.88,90.71,42.89,89.76
280,Jasmine Adams,STU0280,B.Tech AIDS,66.97,46.58,37.02,41.48,60.71,51.93,35.15,45.86,51.96,0.0,61.45,25.51
281,Lucas Stone,STU0281,B.Tech CSE,21.17,7.82,5.15,16.11,32.27,98.83,36.85,54.44,60.01,53.28,48.06,20.12
282,Michelle David MD,STU0282,B.Tech CSE,86.27,95.18,7.93,24.4,43.0,25.89,62.65,31.79,100.0,79.76,55.31,75.67
283,Monica Hartman,STU0283,B.Tech AIML,77.65,35.9,29.59,51.95,71.54,53.48,10.58,29.93,48.15,48.11,99.31,15.35
284,Anita Ortiz,STU0284,B.Tech AIDS,62.64,87.23,100.0,39.89,62.29,64.24,54.89,47.53,60.9,0.0,67.05,53.15
285,Patrick Bentley,STU0285,B.Tech CSE,44.44,100.0,33.13,39.92,99.79,29.2,36.25,46.32,71.02,55.2,17.68,36.7
286,Colleen Wilson,STU0286,B.Tech CSE,34.82,48.07,60.65,60.46,5.6,76.6,56.31,84.61,61.1,77.53,61.66,83.66
287,Valerie Hansen,STU0287,B.Tech CSE,63.06,47.55,100.0,72.23,64.34,18.09,17.79,57.32,53.64,34.65,53.52,89.72
288,Paul Hall,STU0288,B.Tech CSE,67.39,21.47,47.21,29.88,40.31,39.66,38.06,18.62,46.81,35.98,0.0,100.0
289,David Johnson,STU0289,B.Tech AIDS,77.22,40.59,50.47,20.71,92.39,97.43,53.92,75.59,54.38,16.58,39.7,53.3
290,Jacob Chapman,STU0290,B.Tech AIML,38.64,44.53,47.72,47.98,51.31,23.48,32.07,17.89,74.45,0.0,78.84,84.66
291,Carrie Jones,STU0291,B.Tech AIDS,42.45,0.0,40.97,48.4,24.74,37.12,88.25,66.62,26.89,10.06,41.82,44.66
292,Jessica Reyes,STU0292,B.Tech AIML,62.4,36.62,62.79,98.38,70.39,48.8,45.42,41.08,79.52,34.32,51.13,51.28
293,James Leon,STU0293,B.Tech CSE,37.46,15.69,58.07,48.47,62.51,36.66,80.52,28.08,92.8,6.31,60.87,61.89
294,Diane Williams,STU0294,B.Tech AIML,30.11,60.61,81.99,0.0,62.57,0.0,25.86,90.73,35.46,20.65,45.05,100.0
295,Robin Gomez,STU0295,B.Tech CSE,4.21,23.72,87.44,96.44,47.41,19.02,100.0,89.86,66.97,29.69,48.77,45.99
296,Chris Smith,STU0296,B.Tech CSE,58.27,86.28,71.99,23.07,84.41,57.83,67.18,86.66,22.21,49.1,36.71,10.8
297,James Graham,STU0297,B.Tech AIDS,58.67,100.0,4.0,49.19,66.01,53.08,47.17,17.52,55.82,31.08,0.0,79.86
298,Bonnie Johnson,STU0298,B.Tech CSE,73.96,51.29,55.73,76.86,55.61,72.6,42.56,82.8,58.02,54.85,18.25,57.17
299,Michael Williams,STU0299,B.Tech AIDS,29.2,34.04,29.62,23.34,100.0,83.28,98.01,19.43,51.78,17.66,32.61,27.05
300,Cassandra Simpson,STU0300,B.Tech AIML,80.99,40.09,76.71,65.1,100.0,13.01,81.48,78.66,25.67,75.18,58.4,44.31
301,Elizabeth Thomas,STU0301,B.Tech AIML,29.4,32.02,100.0,50.02,69.55,30.23,30.5,77.05,16.26,39.62,50.85,52.78
302,Sean Kelly,STU0302,B.Tech CSE,45.52,59.9,67.32,68.37,25.35,42.9,79.87,72.37,15.68,58.79,0.54,51.17
303,Christian Burke,STU0303,B.Tech CSE,97.44,26.3,29.14,69.1,11.43,34.18,64.91,34.14,44.1,68.6,60.54,56.67
304,Jennifer Smith DVM,STU0304,B.Tech AIML,41.52,59.25,46.91,61.45,37.58,45.44,25.25,49.12,29.72,22.15,56.47,55.32
305,Casey Baker,STU0305,B.Tech CSE,69.57,39.22,60.2,63.77,61.12,29.36,53.73,59.1,50.18,0.0,54.01,100.0
306,Heather Stewart,STU0306,B.Tech CSE,41.0,31.8,59.33,57.81,79.82,18.55,68.28,64.76,46.45,58.47,75.74,71.81
307,Anne Mendoza,STU0307,B.Tech AIDS,21.42,70.5,48.38,51.82,51.83,46.24,79.79,47.91,22.01,40.16,54.47,80.73
308,Luis Hawkins,STU0308,B.Tech CSE,65.08,28.74,100.0,56.62,81.88,46.21,63.33,70.99,80.45,76.43,71.8,42.12
309,Anthony Cortez,STU0309,B.Tech AIDS,35.71,58.32,73.33,44.43,76.63,86.32,27.09,29.08,46.49,57.69,36.89,83.81
310,Hayley Eaton,STU0310,B.Tech CSE,60.6,50.99,14.1,17.1,57.03,0.0,75.32,46.05,100.0,100.0,45.46,47.34
311,Gary Walker,STU0311,B.Tech AIML,74.89,92.58,9.05,5.34,34.45,64.57,62.42,76.74,20.01,0.0,71.45,29.3
312,Douglas Deleon,STU0312,B.Tech CSE,0.0,53.63,69.83,46.95,38.55,46.02,40.74,16.3,32.13,63.03,58.04,54.2
313,David Williams,STU0313,B.Tech AIML,25.12,45.46,0.0,54.46,85.72,13.15,35.35,58.23,81.32,38.79,32.69,0.78
314,Jeffrey Murphy,STU0314,B.Tech AIML,52.59,100.0,56.93,49.44,58.05,49.72,29.67,70.58,55.64,50.44,25.62,82.59
315,Heather Martinez,STU0315,B.Tech AIDS,66.62,36.18,75.05,37.56,30.45,31.01,5.72,61.79,4.22,19.29,0.0,47.85
316,Jillian Juarez,STU0316,B.Tech CSE,46.24,41.83,23.94,20.69,61.61,36.24,57.91,27.87,54.53,82.58,64.65,39.69
317,Lacey Lowe,STU0317,B.Tech AIDS,56.43,43.98,50.2,41.86,45.89,55.3,25.17,24.6,15.29,9.99,19.57,53.99
318,Jeanne Morris,STU0318,B.Tech AIML,27.68,62.84,50.87,0.79,66.37,70.27,25.15,60.5,28.59,52.44,18.39,5.17
319,Christian Watson,STU0319,B.Tech CSE,40.43,46.91,40.06,20.4,40.0,56.73,48.88,54.56,33.25,79.29,20.6,62.19
320,Jennifer Lowery,STU0320,B.Tech AIML,79.55,62.02,44.94,36.79,75.9,14.43,25.75,40.06,80.94,59.49,25.8,42.24
321,April Carter,STU0321,B.Tech CSE,34.64,32.26,74.47,15.71,90.22,70.71,77.27,38.43,46.25,14.17,36.88,62.34
322,Cory Valdez,STU0322,B.Tech AIML,82.4,22.32,40.86,46.22,15.11,64.78,31.9,45.12,38.7,30.27,49.82,44.61
323,Steve Simmons DDS,STU0323,B.Tech AIML,40.7,31.79,57.99,91.34,53.5,74.9,15.24,53.94,22.57,13.08,31.52,79.8
324,Amanda Gordon,STU0324,B.Tech AIDS,73.75,56.08,11.68,45.09,57.54,54.39,3.91,27.74,48.4,63.41,0.0,45.95
325,Sarah Keith,STU0325,B.Tech AIML,53.58,71.24,67.32,64.56,30.0,2.3,40.17,75.04,84.84,67.76,60.73,59.49
326,Jennifer Bishop,STU0326,B.Tech CSE,36.1,46.75,91.73,26.44,90.37,41.95,83.14,14.83,64.65,31.58,14.62,55.46
327,Frederick Baker MD,STU0327,B.Tech AIML,75.24,28.88,12.52,47.7,47.81,63.71,73.74,48.51,96.39,55.61,41.34,9.71
328,Michael Villegas,STU0328,B.Tech CSE,43.43,41.59,74.01,61.56,20.52,54.31,66.79,88.2,72.19,69.02,51.5,59.71
329,Candice Chandler,STU0329,B.Tech AIML,81.24,16.68,41.26,30.69,59.48,80.76,35.08,0.0,39.69,72.84,63.44,60.7
330,Christina Ramirez,STU0330,B.Tech AIDS,43.0,18.02,62.88,29.14,100.0,64.26,35.48,34.72,47.68,44.01,77.92,54.66
331,Ray Goodwin,STU0331,B.Tech AIDS,31.71,97.26,51.23,69.22,34.79,59.08,57.78,2.76,100.0,82.27,40.07,22.44
332,Lisa Pugh,STU0332,B.Tech AIDS,58.69,52.17,58.89,54.79,62.66,86.18,64.2,23.76,84.06,91.02,100.0,21.91
333,Roy Hudson,STU0333,B.Tech AIDS,56.07,0.0,63.83,36.29,98.09,30.63,7.77,38.22,0.61,68.78,0.0,50.71
334,Michele Dickson,STU0334,B.Tech AIDS,0.0,41.99,91.08,59.02,28.41,49.22,50.45,61.82,15.83,64.81,0.0,34.25
335,William Lee,STU0335,B.Tech AIDS,37.79,65.83,50.57,14.86,25.38,54.97,48.02,35.52,37.98,67.4,37.06,47.8
336,Wanda Martin,STU0336,B.Tech AIDS,100.0,14.41,3.7,69.59,33.03,42.04,30.47,43.5,89.96,70.05,71.56,14.59
337,Crystal Mcintosh,STU0337,B.Tech AIML,21.22,0.0,29.77,73.92,62.92,44.46,49.44,32.78,55.12,69.15,9.6,57.49
338,Justin Flores,STU0338,B.Tech AIDS,73.31,39.62,67.52,100.0,47.39,59.83,31.55,54.53,61.51,54.87,24.51,55.16
339,Dylan Jackson Jr.,STU0339,B.Tech AIDS,86.55,61.22,74.05,44.07,68.75,56.98,26.23,57.96,25.21,34.18,54.73,57.43
340,Wendy Beard,STU0340,B.Tech CSE,20.27,76.35,64.3,32.38,11.56,46.38,38.85,52.83,40.92,0.0,40.29,42.36
341,Janet Thomas,STU0341,B.Tech AIML,65.84,32.55,91.97,2.21,82.78,44.39,71.49,52.0,78.49,40.32,22.53,85.51
342,James Lucero,STU0342,B.Tech CSE,47.16,55.54,80.87,24.2,64.89,35.25,46.7,51.81,12.49,30.53,83.78,72.15
343,Samuel Maxwell,STU0343,B.Tech AIDS,48.43,56.08,42.64,83.91,44.99,55.8,78.65,30.57,88.97,11.74,90.74,40.68
344,Joseph Vaughn,STU0344,B.Tech CSE,43.93,2.75,38.63,24.0,34.81,46.57,73.94,55.19,57.69,22.61,27.98,94.97
345,Diana Conley,STU0345,B.Tech CSE,31.62,91.41,43.92,50.06,76.76,81.8,47.23,40.29,48.6,58.45,72.28,50.11
346,Logan Miller,STU0346,B.Tech CSE,65.47,90.96,59.53,57.79,12.03,0.0,59.71,47.63,37.13,56.09,48.49,78.19
347,Jacqueline Castillo,STU0347,B.Tech CSE,52.15,31.33,74.75,44.57,63.16,38.06,33.75,52.1,50.32,62.0,43.28,4.09
348,Zachary Stuart,STU0348,B.Tech AIDS,39.18,69.85,42.57,43.84,74.66,32.2,11.43,45.98,37.9,25.84,45.62,62.29
349,Jesse Rivera,STU0349,B.Tech CSE,49.77,57.67,95.34,41.43,56.96,37.27,28.84,35.38,38.03,58.99,100.0,32.1
350,Darren Dennis,STU0350,B.Tech CSE,39.58,48.42,59.89,56.59,82.1,0.0,0.0,37.6,77.43,10.86,0.0,64.28
351,Nancy Johnson,STU0351,B.Tech AIDS,56.09,22.74,25.36,25.76,52.76,34.34,62.35,0.0,28.58,21.85,43.59,36.55
352,Michael Potter,STU0352,B.Tech CSE,69.95,3.52,51.14,63.96,96.42,37.96,58.11,4.9,0.0,71.12,49.86,79.46
353,Gregory Hogan,STU0353,B.Tech AIML,15.66,63.0,96.72,60.49,56.91,50.21,10.73,83.89,34.73,62.61,10.92,20.51
354,Timothy Webb,STU0354,B.Tech AIDS,85.88,41.32,86.33,48.04,3.95,72.3,35.25,67.47,50.63,11.42,54.11,100.0
355,Elizabeth Powell,STU0355,B.Tech AIDS,62.32,48.56,76.88,55.27,55.24,22.71,55.85,75.89,29.1,85.61,47.71,27.81
356,Debra Booker,STU0356,B.Tech AIDS,74.94,42.83,68.99,42.71,48.5,62.34,57.27,0.11,21.97,73.24,46.7,36.91
357,Kevin Rodriguez,STU0357,B.Tech CSE,16.04,23.01,0.0,47.47,35.04,25.84,48.3,59.1,100.0,12.2,78.98,74.33
358,Tanner Mitchell,STU0358,B.Tech AIML,30.52,55.08,38.56,54.64,87.73,65.14,62.72,39.24,12.9,44.79,80.17,11.82
359,Glenn Moore,STU0359,B.Tech CSE,23.62,53.16,25.38,30.19,39.41,15.86,25.65,67.59,17.32,10.05,34.25,68.3
360,Emily Bright,STU0360,B.Tech AIML,45.08,38.39,51.11,6.36,62.37,59.59,39.77,75.15,21.81,78.2,53.86,41.59
361,Andrea Frank,STU0361,B.Tech AIDS,49.5,47.32,80.51,23.08,30.94,75.91,35.11,72.51,92.49,39.96,67.03,21.16
362,Dawn English,STU0362,B.Tech AIDS,68.87,54.99,61.83,33.86,8.47,62.58,0.0,42.07,73.53,54.8,98.71,75.63
363,Vanessa Bailey,STU0363,B.Tech CSE,33.65,50.68,48.82,10.45,26.49,35.98,0.0,51.19,43.77,8.18,60.11,67.9
364,Rebecca Williams,STU0364,B.Tech CSE,55.68,41.9,64.79,67.01,57.69,29.38,56.92,79.89,35.08,100.0,36.86,50.81
365,Gary Pratt,STU0365,B.Tech CSE,33.19,55.58,6.44,36.35,22.7,53.38,74.86,66.15,0.0,100.0,57.38,30.59
366,Jesse Rowe,STU0366,B.Tech CSE,53.93,54.4,33.33,54.95,34.81,39.89,32.84,14.18,53.65,64.63,62.87,70.5
367,Angela Massey,STU0367,B.Tech CSE,58.11,36.68,70.99,16.06,27.48,25.89,77.0,73.57,62.18,76.8,28.02,58.71
368,Dana Ortega,STU0368,B.Tech CSE,46.87,71.17,47.12,40.38,63.52,71.9,33.29,48.47,23.54,0.0,55.01,65.22
369,Corey Carlson,STU0369,B.Tech CSE,56.55,1.26,41.23,0.0,84.24,22.85,81.39,73.65,27.49,21.68,58.76,28.89
370,Dana Young,STU0370,B.Tech AIDS,52.56,37.93,5.47,0.0,55.67,35.96,36.17,67.4,79.34,43.19,41.49,62.5
371,Cassandra Atkins,STU0371,B.Tech AIDS,16.08,55.58,63.8,67.01,1.58,30.97,28.04,52.5,62.02,87.42,37.63,37.56
372,Scott Anderson,STU0372,B.Tech CSE,78.74,57.41,81.69,57.22,21.07,16.67,11.21,66.55,79.71,96.23,71.08,79.07
373,Michelle Lawson,STU0373,B.Tech CSE,35.5,21.09,71.25,60.44,52.69,59.68,58.08,82.1,82.37,63.61,71.15,62.85
374,Teresa Klein,STU0374,B.Tech AIML,38.47,68.91,15.14,76.35,20.14,57.15,28.87,63.83,49.15,10.13,60.52,35.55
375,Kevin Martin,STU0375,B.Tech CSE,72.03,50.03,59.89,26.06,35.27,38.53,71.42,91.93,29.87,76.92,0.0,20.15
376,Maria Williams,STU0376,B.Tech CSE,26.03,16.19,10.41,60.32,44.65,59.49,67.26,56.64,66.44,48.26,20.33,76.45
377,John Alexander,STU0377,B.Tech AIML,35.27,26.61,45.55,27.18,39.56,58.6,58.71,27.55,37.81,76.86,62.41,100.0
378,Paul Mccarthy,STU0378,B.Tech AIML,79.5,78.61,15.3,69.1,48.67,36.23,54.2,73.63,62.52,28.04,68.56,34.06
379,Diane Obrien,STU0379,B.Tech AIDS,55.42,42.42,44.53,69.16,24.0,98.63,4.47,35.06,59.26,64.61,47.49,48.57
380,Kelly Chambers,STU0380,B.Tech CSE,60.26,44.22,84.83,70.98,71.82,25.85,48.02,42.49,24.86,59.0,36.56,66.39
381,Garrett Daugherty,STU0381,B.Tech AIDS,23.25,92.98,27.59,55.48,69.8,35.73,71.31,19.27,86.3,50.35,35.09,42.52
382,Jeremy Wade,STU0382,B.Tech AIDS,70.22,35.39,31.27,44.46,20.58,95.51,35.84,70.79,55.24,25.39,49.85,69.6
383,Jeremy Smith,STU0383,B.Tech AIDS,45.29,79.83,75.54,72.97,38.51,23.0,34.66,54.91,63.64,0.0,49.8,53.95
384,Phillip Rosales,STU0384,B.Tech CSE,43.06,82.28,60.54,82.75,44.6,73.44,90.88,82.79,22.7,43.66,41.37,62.23
385,Steven King,STU0385,B.Tech CSE,67.16,29.03,51.7,0.0,86.05,37.19,51.4,42.26,78.65,0.0,49.58,47.35
386,Jeffrey Fox,STU0386,B.Tech CSE,38.66,93.16,27.82,69.29,58.91,81.54,33.32,31.68,77.4,60.63,11.38,36.52
387,Alex Green,STU0387,B.Tech CSE,59.66,70.94,33.02,0.0,63.08,19.49,0.0,0.0,70.35,53.22,44.36,84.73
388,Tiffany Stone,STU0388,B.Tech AIML,65.93,90.41,15.18,49.14,9.58,44.27,43.78,65.67,51.14,65.59,67.59,100.0
389,Ryan Patterson,STU0389,B.Tech AIML,42.12,26.47,56.15,29.94,87.05,42.92,35.86,38.22,67.96,46.06,33.96,91.63
390,Christina Mckee DVM,STU0390,B.Tech AIDS,28.6,50.89,66.31,9.22,62.01,23.62,70.57,25.93,67.32,77.65,71.54,56.28
391,Mr. Timothy Palmer Jr.,STU0391,B.Tech AIDS,44.22,35.59,86.78,32.51,24.07,66.63,30.1,26.25,13.91,37.93,47.93,56.08
392,Mrs. Ashley Hensley,STU0392,B.Tech CSE,73.78,63.17,45.23,45.05,62.75,81.81,53.16,38.27,25.18,13.87,66.66,64.45
393,Alan Waters,STU0393,B.Tech CSE,64.43,46.78,85.17,37.9,73.88,49.03,34.79,64.81,60.24,58.92,52.03,49.05
394,Dr. Philip Bass,STU0394,B.Tech CSE,100.0,79.61,68.07,52.79,75.18,62.95,50.66,42.41,47.98,0.0,55.27,37.79
395,Robert Lloyd,STU0395,B.Tech CSE,89.82,50.48,20.28,48.75,23.85,61.84,57.27,73.95,30.23,50.85,15.87,67.54
396,Hannah Martin,STU0396,B.Tech CSE,62.97,62.4,50.04,60.37,90.11,42.87,53.47,22.85,28.29,52.45,77.6,43.59
397,Matthew Banks,STU0397,B.Tech CSE,44.1,39.83,36.63,57.37,12.57,82.02,33.36,68.05,18.25,66.72,66.8,59.61
398,Katherine Walker,STU0398,B.Tech CSE,25.14,56.24,20.42,43.68,75.74,69.92,50.38,25.63,66.14,50.48,0.0,69.57
399,Mrs. Susan Cox,STU0399,B.Tech AIDS,49.39,80.06,22.62,0.0,56.98,57.29,7.73,25.54,100.0,42.36,68.27,33.73
400,Michael Rodriguez,STU0400,B.Tech AIDS,0.0,45.74,43.36,40.0,47.13,56.61,46.25,18.4,62.15,1.27,0.0,68.48
401,Carrie Bernard,STU0401,B.Tech AIML,62.68,48.57,15.11,32.3,43.43,10.1,31.52,66.31,85.68,39.51,68.91,2.15
402,Cameron Jacobs,STU0402,B.Tech CSE,66.49,29.9,57.68,43.81,83.01,28.14,65.69,43.01,46.04,45.4,28.86,49.65
403,Michael Nelson,STU0403,B.Tech CSE,48.43,56.03,52.11,69.95,73.09,23.73,71.72,20.34,64.7,65.49,2.22,52.32
404,James Patterson,STU0404,B.Tech AIDS,38.29,31.03,83.77,33.66,29.84,51.89,67.14,46.46,79.16,63.27,0.0,36.76
405,Jessica Gonzalez,STU0405,B.Tech CSE,35.95,61.98,0.0,100.0,63.28,53.72,79.54,100.0,71.77,73.72,53.27,46.46
406,Andrea Coleman,STU0406,B.Tech CSE,38.11,29.35,32.82,16.24,48.1,7.88,54.77,49.09,53.67,36.95,100.0,84.0
407,Holly Perkins,STU0407,B.Tech AIDS,18.89,55.82,34.8,24.64,16.5,60.81,32.97,74.2,74.84,84.35,28.69,61.88
408,Lawrence Roberts,STU0408,B.Tech AIDS,65.81,38.15,30.71,90.24,55.69,65.9,29.45,19.52,35.76,46.9,23.39,49.75
409,Susan Oneal,STU0409,B.Tech AIML,7.79,22.0,66.77,65.09,40.2,24.56,24.31,40.67,66.11,73.21,37.59,21.16
410,Rhonda Grant,STU0410,B.Tech CSE,56.7,29.41,37.04,83.13,70.68,53.95,18.2,55.28,76.57,40.61,83.78,82.32
411,Todd Curtis,STU0411,B.Tech CSE,91.59,57.63,64.68,85.35,61.18,37.47,38.79,55.96,17.74,46.42,77.41,0.0
412,Kathryn Dean,STU0412,B.Tech AIML,88.36,78.06,38.51,63.58,50.08,80.75,74.57,15.0,64.68,44.86,52.07,31.8
413,Michael White,STU0413,B.Tech CSE,93.7,76.0,31.51,16.63,40.36,60.86,56.01,81.33,69.75,74.24,58.17,15.27
414,Dr. Robert Jimenez DDS,STU0414,B.Tech CSE,45.11,76.5,48.71,62.58,42.03,24.25,46.92,57.73,33.61,44.11,26.51,77.98
415,Traci Nelson,STU0415,B.Tech AIML,42.64,86.32,88.22,47.97,24.79,0.0,13.2,15.65,84.46,52.9,59.74,0.0
416,Raymond Vargas,STU0416,B.Tech AIML,20.05,72.18,57.17,46.32,64.12,90.89,44.47,51.73,54.81,100.0,0.0,67.08
417,Philip Martin,STU0417,B.Tech AIDS,47.13,64.17,33.57,48.78,67.79,100.0,70.2,28.8,39.41,38.66,5.11,41.75
418,Jamie Peterson,STU0418,B.Tech CSE,68.32,18.14,76.21,62.19,31.64,46.46,89.96,68.34,50.22,44.06,51.92,37.21
419,Victoria Thomas,STU0419,B.Tech AIDS,0.0,100.0,53.88,59.95,48.55,31.62,45.35,10.02,100.0,19.14,24.2,38.99
420,Jessica Case,STU0420,B.Tech CSE,82.2,50.36,19.1,81.36,68.28,63.46,67.89,100.0,100.0,32.83,90.6,59.58
421,Keith Garcia,STU0421,B.Tech AIML,62.48,7.69,45.74,29.68,70.7,76.78,0.0,49.45,78.05,45.33,68.23,58.78
422,William Rubio,STU0422,B.Tech CSE,58.54,43.22,19.59,21.96,67.73,50.49,46.54,39.4,42.37,76.17,41.62,16.47
423,Erin Dickson,STU0423,B.Tech AIML,68.59,44.88,50.78,90.19,49.49,57.23,20.53,44.51,65.24,11.12,55.02,52.52
424,Erica Martinez,STU0424,B.Tech AIDS,51.03,75.93,58.36,86.95,25.16,53.4,52.11,23.27,73.91,100.0,49.57,62.63
425,Kenneth Taylor,STU0425,B.Tech AIDS,52.11,32.16,4.48,32.36,15.2,92.6,47.12,41.35,72.23,21.96,30.83,51.7
426,Beth Spears,STU0426,B.Tech AIDS,75.72,62.54,56.21,51.95,60.01,55.04,24.25,51.15,23.16,52.03,37.98,100.0
427,Kimberly Harper,STU0427,B.Tech AIDS,49.0,14.89,46.65,62.98,91.83,35.26,10.44,70.42,15.49,39.1,43.56,48.26
428,Danielle Hamilton MD,STU0428,B.Tech CSE,67.23,32.91,43.16,49.64,53.74,52.45,60.9,71.1,59.82,61.34,10.44,51.26
429,William Collier,STU0429,B.Tech CSE,61.99,68.22,32.69,33.52,35.65,63.41,75.85,39.81,72.7,53.09,46.89,44.72
430,Scott Martinez,STU0430,B.Tech CSE,68.67,58.14,100.0,28.69,62.95,36.77,28.27,49.73,53.43,100.0,45.4,21.75
431,Donald Moore,STU0431,B.Tech AIML,56.83,0.0,47.7,50.4,69.87,74.34,37.41,46.23,30.85,21.8,57.75,18.16
432,Andrew Gibson,STU0432,B.Tech AIML,39.63,25.12,63.74,95.04,17.46,3.67,46.88,50.39,55.47,38.84,44.98,59.19
433,Sarah Morrison,STU0433,B.Tech AIML,76.01,1.12,40.78,55.35,27.05,93.28,34.11,48.97,63.9,35.22,3.84,39.28
434,John Rivera,STU0434,B.Tech CSE,75.74,41.58,28.84,73.14,41.73,37.25,53.74,69.27,100.0,70.68,79.0,37.35
435,Nicholas Hall,STU0435,B.Tech AIML,24.35,51.56,52.68,23.04,45.62,59.98,59.01,62.61,57.27,37.32,37.15,20.03
436,Amy Elliott,STU0436,B.Tech CSE,94.62,50.34,44.38,26.78,100.0,23.17,39.28,60.4,65.01,73.95,95.19,62.65
437,Samantha Farmer,STU0437,B.Tech AIDS,23.6,43.58,57.7,100.0,15.05,80.06,54.5,70.95,47.45,28.94,68.77,66.36
438,Alexander Nichols,STU0438,B.Tech AIML,74.3,49.67,35.0,11.03,70.48,60.6,25.86,36.54,38.33,12.93,29.56,21.65
439,Jodi Brooks,STU0439,B.Tech AIML,39.69,31.53,9.32,100.0,81.31,30.52,56.81,60.44,79.78,29.53,77.3,36.3
440,Maria Luna,STU0440,B.Tech AIDS,16.6,68.1,82.27,100.0,20.01,67.47,39.75,69.58,13.24,18.43,30.6,51.97
441,Ryan Garcia,STU0441,B.Tech AIML,33.97,66.48,75.67,64.99,90.47,60.4,19.58,84.08,34.87,72.76,89.34,61.42
442,Robert Chambers,STU0442,B.Tech AIML,12.6,27.04,83.07,45.77,51.99,68.97,67.41,56.97,44.78,42.18,71.45,63.84
443,Jessica Nguyen,STU0443,B.Tech CSE,43.57,77.05,46.77,28.71,31.03,25.53,43.19,80.84,29.87,54.71,33.58,43.49
444,Garrett Miles DVM,STU0444,B.Tech CSE,12.25,44.49,45.16,63.51,55.58,20.04,77.1,55.26,54.96,49.77,37.06,55.45
445,Melissa Brown MD,STU0445,B.Tech AIDS,61.89,6.33,36.53,43.63,56.4,79.83,30.71,37.55,37.19,29.96,41.32,69.27
446,Julie Ward,STU0446,B.Tech CSE,23.65,60.7,7.45,35.97,41.76,91.87,43.13,0.0,0.03,50.85,65.34,59.39
447,Paige Campbell,STU0447,B.Tech CSE,54.19,79.06,36.51,72.37,9.2,27.38,4.82,43.13,48.84,52.85,51.55,26.81
448,Jay Jones,STU0448,B.Tech CSE,45.24,12.56,84.08,42.41,37.78,89.72,18.94,21.86,22.59,48.3,60.79,68.49
449,Mrs. Abigail Rodriguez DDS,STU0449,B.Tech AIDS,100.0,0.0,65.22,36.07,35.34,34.51,27.28,92.11,71.06,50.58,83.78,12.19
450,Kyle Morrow,STU0450,B.Tech AIDS,16.73,0.0,32.51,54.04,52.57,53.73,14.72,70.08,55.99,68.33,2.68,57.79
451,Paul Bauer,STU0451,B.Tech AIDS,20.31,40.07,63.36,52.28,28.71,50.16,11.71,78.76,44.87,77.96,36.84,36.91
452,Tim Anderson,STU0452,B.Tech AIML,30.9,71.9,32.26,66.11,40.44,0.6,35.74,20.52,50.85,20.24,73.15,47.72
453,Amanda Love,STU0453,B.Tech CSE,45.56,66.4,74.1,49.5,30.72,5.65,32.85,34.57,52.68,41.37,67.2,34.68
454,Michael Warner,STU0454,B.Tech CSE,48.57,79.6,58.55,48.5,34.95,34.17,28.73,36.47,68.89,44.45,16.26,94.2
455,Sarah Nelson,STU0455,B.Tech AIML,58.0,14.83,38.95,52.77,92.61,22.3,74.4,84.99,34.28,43.06,24.09,44.91
456,Emily Todd,STU0456,B.Tech AIML,49.09,66.49,77.25,31.3,0.82,49.47,57.34,56.24,41.83,53.12,87.89,59.54
457,Michael Bond,STU0457,B.Tech CSE,40.67,37.5,45.75,90.92,45.42,49.51,37.94,77.47,99.0,61.27,52.07,50.92
458,Donald Miranda,STU0458,B.Tech AIDS,0.0,68.63,53.35,60.71,32.21,40.39,39.72,75.54,40.53,100.0,60.77,18.11
459,Taylor Powell,STU0459,B.Tech CSE,46.79,33.71,0.0,89.99,67.58,63.33,54.14,15.45,37.91,71.04,23.72,0.0
460,Natasha Kelly,STU0460,B.Tech AIDS,44.32,46.46,53.39,68.21,65.94,56.47,79.89,12.03,62.61,65.66,19.01,12.43
461,Jennifer Short,STU0461,B.Tech AIML,31.35,33.46,68.84,34.64,28.59,34.71,77.97,50.33,45.52,47.25,82.3,31.27
462,Karen Weeks,STU0462,B.Tech AIDS,82.89,55.26,45.99,100.0,23.61,41.16,19.19,73.81,92.23,91.75,80.6,45.06
463,Alexandra Nixon,STU0463,B.Tech AIDS,40.87,8.22,100.0,61.72,37.7,83.2,25.68,60.17,45.68,65.97,48.41,13.73
464,Adam Bailey,STU0464,B.Tech CSE,51.89,76.22,49.27,69.38,23.86,49.34,34.39,68.67,50.79,67.25,77.19,67.29
465,Russell Duarte,STU0465,B.Tech CSE,56.83,25.04,49.93,36.67,41.4,40.64,25.5,1.07,33.3,54.83,16.3,50.39
466,Margaret Davis MD,STU0466,B.Tech CSE,97.51,75.58,91.09,59.78,79.19,31.9,33.89,0.0,79.65,88.51,36.17,43.65
467,Karen Abbott,STU0467,B.Tech CSE,31.15,59.57,78.12,6.43,60.24,43.08,52.83,61.47,45.29,47.41,44.65,74.26
468,Monica Poole,STU0468,B.Tech CSE,60.47,55.51,18.23,40.54,72.47,50.94,66.49,94.16,75.97,52.33,37.23,0.0
469,Charles Ward,STU0469,B.Tech CSE,45.79,41.85,59.76,46.15,41.99,5.52,26.5,61.92,92.9,47.56,58.2,73.81
470,Amy Lewis,STU0470,B.Tech AIDS,29.73,59.17,31.49,71.62,53.79,57.46,30.44,67.68,100.0,24.8,41.51,55.79
471,Christopher Khan,STU0471,B.Tech AIDS,69.66,36.01,0.0,83.98,69.01,6.43,34.81,89.2,86.19,73.47,45.6,52.07
472,Paul Davis,STU0472,B.Tech CSE,46.73,78.21,28.1,29.86,75.26,48.89,84.46,33.21,48.63,26.94,50.18,13.04
473,Paul Bennett,STU0473,B.Tech AIML,37.81,14.09,67.35,67.91,6.74,83.35,100.0,51.15,33.97,100.0,17.03,50.5
474,Christina Turner,STU0474,B.Tech AIML,54.49,83.63,58.99,37.53,26.22,41.45,24.83,51.2,35.9,12.65,81.38,37.56
475,Anna Williams,STU0475,B.Tech CSE,18.3,45.79,51.71,6.34,58.29,23.82,92.78,63.1,40.0,31.37,47.38,65.32
476,Rachel Buckley MD,STU0476,B.Tech AIDS,49.36,44.57,51.46,34.9,41.42,0.0,74.34,57.47,30.66,97.47,52.18,24.1
477,Ryan Walker,STU0477,B.Tech AIDS,71.42,59.95,59.86,39.36,61.26,43.46,63.9,2.38,39.15,93.05,30.82,34.9
478,Dylan Conway,STU0478,B.Tech CSE,38.8,19.63,0.0,44.24,53.4,48.69,46.38,51.08,75.57,45.24,35.65,42.97
479,Joseph Allen,STU0479,B.Tech AIML,64.48,85.3,34.3,52.47,58.46,25.19,50.51,13.36,5.77,59.17,40.4,55.06
480,Christopher Irwin MD,STU0480,B.Tech CSE,49.55,25.59,48.87,19.17,84.77,16.1,45.11,23.94,64.26,41.71,37.03,71.33
481,Matthew Smith,STU0481,B.Tech CSE,50.74,62.92,25.47,14.88,52.68,42.03,65.66,48.0,55.13,9.42,97.21,45.89
482,Sandra Mata,STU0482,B.Tech AIDS,67.44,29.1,57.7,17.43,61.3,41.1,50.73,67.45,19.19,32.89,61.43,100.0
483,Peter Soto,STU0483,B.Tech AIML,46.55,64.78,47.33,98.56,6.32,52.37,9.36,0.0,57.44,53.49,42.88,47.35
484,Diane Young,STU0484,B.Tech CSE,100.0,43.55,62.75,33.77,57.38,44.04,39.74,95.47,79.43,53.42,0.0,40.97
485,Chad Harris,STU0485,B.Tech AIDS,100.0,44.23,77.58,86.05,55.47,28.95,0.0,67.1,29.63,54.4,18.75,43.37
486,Sandra Morris,STU0486,B.Tech AIDS,50.84,56.71,22.13,79.92,35.08,8.14,47.27,50.86,54.01,84.05,44.09,47.01
487,Jacqueline Thompson,STU0487,B.Tech AIDS,22.42,70.51,54.61,39.5,2.38,86.11,19.31,35.22,58.96,20.09,12.66,0.0
488,Tracy Salinas,STU0488,B.Tech AIDS,68.02,36.37,100.0,25.14,26.96,35.87,56.08,38.24,65.31,25.54,15.46,5.04
489,Matthew Barajas,STU0489,B.Tech CSE,0.0,37.05,42.48,34.21,81.09,80.7,41.63,5.15,35.83,35.0,33.57,32.56
490,Carl Perez,STU0490,B.Tech AIDS,33.66,40.34,34.11,55.21,59.01,27.23,81.78,25.5,9.55,59.52,29.56,58.03
491,Kimberly Dunn,STU0491,B.Tech AIML,0.0,84.81,66.81,12.49,13.03,91.81,31.57,29.15,0.0,41.23,44.31,67.89
492,Samantha Robinson,STU0492,B.Tech AIML,15.02,11.99,61.27,75.17,10.72,77.04,50.94,77.3,48.24,0.0,46.2,76.5
493,Jeffrey Riley,STU0493,B.Tech CSE,27.66,40.3,45.6,0.0,91.78,27.47,62.64,47.83,81.44,60.15,44.13,27.66
494,Sean Patel,STU0494,B.Tech AIML,69.95,3.16,66.15,22.52,81.31,54.03,66.1,52.05,6.19,28.48,66.81,54.17
495,Jason Owen,STU0495,B.Tech AIML,79.52,60.08,25.83,30.1,52.57,0.0,91.84,61.04,80.68,10.48,81.11,100.0
496,Anna Walters,STU0496,B.Tech CSE,16.98,69.29,50.03,11.39,62.32,70.84,34.97,79.15,8.33,12.63,53.41,50.63
497,Timothy Garcia,STU0497,B.Tech CSE,32.09,70.24,63.27,71.45,46.92,65.06,38.86,100.0,29.69,100.0,50.87,15.61
498,Brooke Burgess,STU0498,B.Tech CSE,84.2,53.15,71.28,80.6,58.45,35.19,74.39,50.02,67.15,0.0,61.17,34.04
499,Travis Perez,STU0499,B.Tech AIML,91.33,65.58,56.0,62.16,25.04,90.58,99.78,59.82,89.76,35.77,30.07,51.02
500,Charles Whitehead,STU0500,B.Tech AIDS,60.87,40.15,63.44,57.66,25.04,62.97,71.59,54.29,78.82,19.56,61.7,20.74
501,Meghan Hill,STU0501,B.Tech CSE,22.15,34.23,26.45,36.3,44.65,70.93,41.97,10.36,78.5,29.07,48.53,61.16
502,Jeremy Gaines,STU0502,B.Tech CSE,54.99,77.35,61.98,28.47,100.0,54.86,46.32,74.1,56.24,59.98,100.0,43.12
503,Jason Brown,STU0503,B.Tech AIDS,42.06,52.91,76.79,12.34,0.86,35.32,9.15,39.38,62.56,27.73,14.33,51.73
504,Christian Smith,STU0504,B.Tech AIML,71.56,7.63,70.51,70.43,73.85,80.46,100.0,41.1,52.74,39.59,50.05,88.32
505,Jeffery Bishop,STU0505,B.Tech AIML,16.37,28.47,84.43,75.5,40.92,71.36,58.53,87.51,51.86,75.64,100.0,64.95
506,Leah Wagner,STU0506,B.Tech AIML,51.23,68.06,40.87,100.0,54.5,43.18,29.11,77.43,71.68,37.57,64.41,12.29
507,Christopher Gordon,STU0507,B.Tech AIML,54.62,61.32,92.68,30.73,18.04,27.61,16.59,83.42,88.72,58.01,80.53,53.35
508,Rhonda Fischer,STU0508,B.Tech AIDS,47.62,41.67,42.24,11.3,56.61,48.99,68.63,52.34,45.93,28.22,51.8,68.46
509,Rhonda Marks,STU0509,B.Tech AIML,21.42,52.19,55.83,32.05,35.3,55.77,21.66,58.75,27.62,76.57,100.0,28.48
510,Andrea Ortiz,STU0510,B.Tech AIDS,63.36,31.83,76.02,18.37,62.01,28.18,44.83,24.22,70.56,29.08,63.8,41.4
511,Angela Garrett,STU0511,B.Tech AIDS,47.14,53.69,30.95,55.26,88.26,30.55,79.3,87.45,29.6,13.62,57.55,36.31
512,Kelly Hernandez,STU0512,B.Tech CSE,96.72,50.87,29.95,21.32,77.25,35.72,51.1,73.9,37.89,48.85,49.59,67.08
513,Suzanne Hernandez,STU0513,B.Tech AIDS,64.77,44.5,51.59,40.71,13.06,56.44,97.3,27.91,30.67,28.23,68.11,61.21
514,Anna Mcgee,STU0514,B.Tech AIDS,46.04,27.05,52.31,10.88,53.59,71.79,18.72,11.69,89.49,34.71,78.4,46.15
515,Alyssa King,STU0515,B.Tech CSE,45.95,60.96,27.9,53.31,40.46,16.99,58.44,43.42,46.07,19.75,89.79,71.92
516,Shane Rogers,STU0516,B.Tech CSE,74.1,42.36,6.77,98.82,48.47,31.28,60.42,79.18,49.42,81.96,77.07,23.09
517,Sean Valenzuela MD,STU0517,B.Tech CSE,33.16,73.94,0.0,46.26,14.23,38.09,42.53,41.04,36.19,22.57,100.0,96.69
518,Joseph Gonzalez,STU0518,B.Tech AIML,20.95,89.55,40.01,53.23,48.42,33.51,74.6,53.15,38.09,17.39,27.66,8.97
519,Lori Oliver DDS,STU0519,B.Tech CSE,50.31,20.08,43.36,84.25,79.98,49.19,47.82,97.0,63.02,41.8,14.35,59.85
520,Richard Pacheco,STU0520,B.Tech CSE,70.73,34.21,57.28,40.91,45.4,0.0,44.46,74.23,34.21,51.31,31.1,59.01
521,Teresa Campbell,STU0521,B.Tech AIDS,44.59,26.52,83.31,73.22,34.88,62.44,63.44,66.06,7.64,75.17,35.76,41.05
522,Ryan Patterson,STU0522,B.Tech CSE,100.0,57.55,40.34,0.0,84.74,16.37,24.91,41.72,85.41,69.33,46.05,57.71
523,Rhonda Scott,STU0523,B.Tech AIDS,34.99,53.49,51.83,74.22,74.18,62.35,40.94,68.55,47.7,22.95,39.92,52.11
524,Samantha Davis,STU0524,B.Tech AIDS,72.76,45.41,19.77,51.42,52.84,54.65,73.0,75.47,35.14,34.6,24.0,67.47
525,Jon Hickman,STU0525,B.Tech CSE,86.22,42.12,43.96,86.67,62.64,60.91,20.23,66.97,26.77,21.65,41.33,35.36
526,Scott Foster,STU0526,B.Tech CSE,44.46,13.98,73.97,78.19,1.32,74.46,29.74,71.42,48.29,50.72,45.37,80.3
527,Amanda Barber,STU0527,B.Tech CSE,19.01,65.2,77.53,67.91,100.0,36.78,73.93,47.35,80.84,49.81,40.3,82.65
528,Robert Berry,STU0528,B.Tech AIML,37.71,14.68,37.08,65.48,84.8,52.78,82.95,16.05,38.92,42.79,47.14,52.1
529,Joseph Goodwin,STU0529,B.Tech CSE,67.27,38.88,53.48,48.87,26.85,47.16,46.41,45.87,50.79,51.89,39.19,81.82
530,Andrew Rivers,STU0530,B.Tech AIDS,20.76,31.98,100.0,24.05,16.16,68.36,0.0,44.12,100.0,11.38,0.45,12.52
531,Laura Brady,STU0531,B.Tech AIML,72.46,78.12,37.19,67.08,84.76,94.68,43.84,0.0,29.48,39.33,43.53,45.3
532,Mary Rogers,STU0532,B.Tech AIML,77.97,81.86,45.71,77.46,58.94,51.61,72.66,51.81,100.0,14.04,37.12,46.84
533,David Wilson,STU0533,B.Tech AIML,60.99,81.7,49.39,14.44,71.06,68.87,1.45,49.9,10.25,33.38,27.43,70.23
534,Nicole Price,STU0534,B.Tech CSE,52.92,17.86,72.0,14.15,58.25,29.65,40.86,62.61,63.04,83.42,47.94,57.66
535,Melinda Marquez,STU0535,B.Tech AIDS,39.06,54.55,60.99,47.54,4.91,58.29,59.11,33.0,17.89,86.9,62.29,44.27
536,Ryan Bowman,STU0536,B.Tech CSE,21.57,29.45,82.56,53.44,36.24,62.74,29.64,87.52,83.82,38.34,34.28,0.0
537,Catherine Mcclain,STU0537,B.Tech CSE,12.96,16.51,53.38,41.84,16.37,42.97,62.63,63.2,2.51,46.79,15.42,72.54
538,Elizabeth Orr,STU0538,B.Tech CSE,69.6,27.55,30.85,38.47,0.0,58.4,43.18,74.25,22.54,34.52,12.34,24.89
539,Raymond Griffith,STU0539,B.Tech CSE,20.45,74.9,32.54,53.1,40.48,18.26,45.79,64.98,19.81,70.23,28.76,37.93
540,Nicholas Hamilton,STU0540,B.Tech AIML,63.27,33.41,50.94,42.13,53.23,0.0,4.26,65.4,75.93,27.24,43.9,57.37
541,Paul Gibson,STU0541,B.Tech AIDS,67.33,0.0,27.85,41.69,67.58,100.0,44.3,14.83,60.06,83.02,52.7,27.33
542,Christine Greene,STU0542,B.Tech AIML,73.95,66.59,24.35,59.54,74.93,79.55,48.34,41.05,80.68,19.75,60.96,15.75
543,Justin Rodgers,STU0543,B.Tech AIML,76.63,43.55,81.71,62.29,19.42,85.62,88.78,72.06,30.96,42.35,53.64,32.41
544,Ronald Cross,STU0544,B.Tech AIML,92.31,53.61,0.0,58.48,41.3,48.13,40.78,70.18,77.99,57.08,41.52,48.97
545,Tiffany Short,STU0545,B.Tech CSE,50.49,29.94,64.47,61.5,88.51,81.38,32.86,70.51,26.23,67.4,37.08,24.42
546,Thomas Leonard,STU0546,B.Tech AIDS,57.0,0.0,6.23,45.56,52.06,40.77,10.51,29.55,59.78,64.54,49.59,78.92
547,Jonathan Mccarthy,STU0547,B.Tech AIDS,59.93,31.31,42.99,14.93,47.3,77.8,67.13,85.05,42.43,83.65,45.17,86.79
548,Julie Guzman,STU0548,B.Tech CSE,49.45,67.68,86.88,45.16,55.46,82.22,46.67,16.98,100.0,38.26,53.97,78.9
549,Kelly Jackson,STU0549,B.Tech AIDS,34.79,24.8,56.34,5.17,42.8,56.13,43.25,11.41,89.85,52.59,85.78,43.5
550,Vanessa Hernandez,STU0550,B.Tech AIDS,28.0,56.73,44.61,20.56,86.74,34.44,3.99,83.2,37.39,34.8,5.87,93.52
551,Devin Mcguire,STU0551,B.Tech AIDS,17.76,51.46,72.82,60.54,48.51,7.46,29.76,54.7,30.32,55.08,67.04,74.06
552,Helen Johnson,STU0552,B.Tech AIML,19.35,100.0,69.19,49.96,77.24,100.0,14.03,44.37,0.0,54.82,59.13,49.02
553,Melinda Acosta,STU0553,B.Tech AIML,33.64,0.0,59.34,86.39,35.22,61.0,10.8,61.43,40.17,30.94,30.99,40.16
554,Emily Smith,STU0554,B.Tech AIDS,59.56,17.2,40.07,48.96,22.52,94.92,28.66,33.26,25.54,94.96,63.82,26.59
555,Carly Diaz DDS,STU0555,B.Tech AIDS,77.66,55.02,56.43,41.39,31.26,58.44,36.37,95.42,18.27,88.4,47.22,57.48
556,Roberta Hanson,STU0556,B.Tech AIDS,70.83,34.24,71.61,0.0,32.0,26.9,18.66,44.63,59.64,67.57,56.02,33.36
557,Jasmine Ochoa,STU0557,B.Tech AIDS,59.23,53.11,73.4,69.42,50.76,27.57,33.68,36.26,42.12,56.7,67.88,48.72
558,Robert Miles,STU0558,B.Tech AIML,50.4,53.58,37.1,26.87,6.11,32.62,61.83,32.43,44.05,61.66,63.02,23.01
559,Christopher Velez MD,STU0559,B.Tech CSE,74.93,78.18,21.75,29.4,79.78,46.33,0.0,15.01,43.77,20.92,39.66,50.81
560,Richard Burns,STU0560,B.Tech AIML,86.56,42.74,76.81,85.72,85.86,57.12,0.92,61.52,76.21,47.97,93.61,71.5
561,David Davenport,STU0561,B.Tech CSE,64.21,77.16,58.33,0.0,37.52,79.93,29.81,44.41,23.88,94.6,92.04,27.9
562,Robin Rush,STU0562,B.Tech AIDS,53.68,32.99,65.37,62.74,70.29,58.3,100.0,24.3,7.23,40.17,10.8,12.69
563,Howard James,STU0563,B.Tech CSE,24.97,26.95,26.13,62.96,37.35,45.51,72.36,30.84,43.39,59.14,1.46,0.0
564,Brandy Robinson,STU0564,B.Tech AIML,58.65,62.3,100.0,53.95,70.49,45.11,57.43,91.68,0.0,60.34,100.0,57.05
565,Brandon Mitchell,STU0565,B.Tech AIDS,91.26,34.27,49.2,50.84,0.0,20.8,22.58,70.55,71.8,58.1,70.6,45.9
566,Danielle Mcbride DDS,STU0566,B.Tech CSE,80.05,50.22,51.45,43.36,67.11,39.47,74.41,21.7,22.53,67.19,47.79,38.65
567,Paul Delgado,STU0567,B.Tech AIDS,72.25,34.82,44.99,84.98,88.48,89.31,42.95,80.77,26.28,27.33,0.0,91.82
568,Jonathan Wallace,STU0568,B.Tech CSE,28.4,46.84,27.24,67.38,40.61,17.38,61.04,14.16,29.06,0.0,14.4,54.46
569,Joseph Hudson,STU0569,B.Tech AIML,0.89,12.97,49.94,36.41,99.8,95.85,28.3,63.93,68.73,35.06,12.61,49.69
570,Justin Spears,STU0570,B.Tech AIML,45.68,39.11,61.06,31.23,21.2,52.73,59.65,20.58,73.2,5.74,35.55,43.55
571,Jessica Bruce,STU0571,B.Tech CSE,34.09,35.87,96.78,28.73,100.0,60.93,52.3,61.91,100.0,25.16,21.99,31.13
572,Lisa Avila,STU0572,B.Tech AIDS,50.8,6.86,50.56,92.34,53.79,42.68,34.55,72.46,29.35,96.16,98.33,56.42
573,Caitlin Cunningham,STU0573,B.Tech AIML,49.71,75.77,77.37,29.85,36.84,16.94,60.23,66.67,16.25,38.62,16.32,27.53
574,Casey Wu,STU0574,B.Tech AIDS,63.78,31.66,42.48,9.32,54.67,48.89,31.78,45.27,54.51,29.63,13.09,95.14
575,Debra Gomez,STU0575,B.Tech AIDS,34.17,47.58,75.27,100.0,18.89,61.25,32.31,36.53,31.99,21.86,48.97,13.14
576,Dawn Schneider,STU0576,B.Tech CSE,73.67,51.38,60.56,38.35,40.82,57.19,20.9,41.05,28.51,27.74,0.0,83.48
577,Matthew Jackson,STU0577,B.Tech AIML,32.84,79.08,76.72,17.85,22.79,100.0,93.77,49.21,56.43,34.23,60.81,32.07
578,Daniel Herrera,STU0578,B.Tech AIML,0.0,16.96,50.53,21.72,48.32,23.13,30.44,71.33,56.19,49.76,71.97,62.02
579,Patricia Alexander,STU0579,B.Tech AIDS,86.16,38.5,39.26,17.47,39.28,74.12,82.5,74.01,5.15,77.08,4.04,72.45
580,David Wade,STU0580,B.Tech AIDS,40.81,67.56,16.69,79.28,13.38,33.29,25.05,6.14,52.36,95.15,100.0,52.43
581,Sean Hamilton,STU0581,B.Tech AIDS,77.92,55.8,62.47,41.45,54.88,63.44,35.54,48.06,48.54,70.66,23.35,48.71
582,Jesse Patton,STU0582,B.Tech CSE,97.8,79.1,83.73,50.61,58.02,75.06,89.01,1.21,17.11,82.74,43.08,33.21
583,Amanda Gibson,STU0583,B.Tech AIML,18.65,36.12,14.94,100.0,49.44,48.55,64.7,74.06,73.65,76.84,34.23,42.55
584,Joshua Davis,STU0584,B.Tech AIML,69.23,36.82,49.87,59.97,69.63,5.56,67.87,44.16,67.69,69.42,90.2,83.84
585,Roy Gonzales,STU0585,B.Tech CSE,83.66,86.09,57.28,50.8,71.82,68.3,42.27,60.12,49.12,28.65,82.26,51.38
586,Thomas Chan,STU0586,B.Tech AIML,100.0,9.36,36.08,50.82,78.43,59.99,57.76,21.82,21.08,58.06,15.9,36.7
587,Trevor Perry,STU0587,B.Tech AIDS,62.52,25.44,90.13,80.6,10.71,26.69,0.0,30.44,69.16,39.65,61.52,11.94
588,Ruben Kennedy,STU0588,B.Tech CSE,69.95,36.12,50.3,47.68,18.21,21.17,74.19,59.97,76.25,58.12,53.57,6.85
589,Logan Page,STU0589,B.Tech AIML,43.24,49.32,98.83,67.17,88.4,64.94,32.22,52.93,55.91,26.52,40.39,44.86
590,Sharon Thompson,STU0590,B.Tech AIDS,90.14,0.0,80.15,26.58,15.7,79.5,68.3,81.36,70.02,100.0,63.97,46.09
591,Charles Barker,STU0591,B.Tech AIML,58.57,81.09,30.52,33.7,42.28,0.0,53.45,2.85,51.33,71.63,38.08,91.93
592,Timothy Hale,STU0592,B.Tech CSE,13.49,79.78,66.88,7.1,100.0,48.41,28.06,14.82,44.5,46.81,52.57,42.56
593,Kelly Warner,STU0593,B.Tech AIML,65.83,40.31,1.63,46.27,0.0,58.84,25.52,54.08,82.85,26.28,76.53,39.17
594,Megan Morales,STU0594,B.Tech AIML,93.83,40.87,28.99,67.18,39.11,28.96,38.05,48.88,83.55,1.65,50.58,65.62
595,David Coffey,STU0595,B.Tech AIML,54.84,82.75,48.14,45.39,64.81,52.48,40.24,62.9,33.69,34.72,36.8,83.83
596,Christopher Bailey,STU0596,B.Tech AIML,0.0,59.89,50.86,7.98,57.74,61.89,64.74,0.0,84.16,31.56,67.16,68.53
597,Stacey Underwood,STU0597,B.Tech AIML,28.08,66.51,40.36,0.0,79.19,30.62,28.64,39.92,56.81,48.57,63.7,16.51
598,Elizabeth Chandler,STU0598,B.Tech AIDS,31.44,47.1,97.45,47.15,77.13,50.96,37.91,43.83,45.79,65.09,84.37,58.99
599,Dakota Bishop,STU0599,B.Tech CSE,79.68,25.88,39.63,31.89,57.86,41.03,68.24,26.72,51.08,67.17,0.0,100.0
600,Carlos Boone,STU0600,B.Tech AIML,42.92,0.0,53.95,50.84,47.95,74.78,68.69,57.45,61.25,47.39,94.39,13.02
601,Mitchell Ponce,STU0601,B.Tech CSE,53.49,51.63,70.33,28.9,6.41,53.92,57.03,87.24,18.24,78.87,100.0,40.56
602,Debbie Garner,STU0602,B.Tech AIDS,17.73,39.83,50.35,64.09,35.22,88.88,22.14,6.52,77.67,0.0,44.9,100.0
603,Nicholas Greene,STU0603,B.Tech AIDS,49.7,21.98,48.57,48.73,54.02,66.56,24.02,92.19,56.13,68.17,34.3,82.16
604,Ralph Allen,STU0604,B.Tech CSE,43.57,56.94,26.67,25.08,67.21,38.91,28.65,33.92,67.47,34.27,47.06,50.38
605,Heather Turner,STU0605,B.Tech CSE,2.07,13.22,58.41,31.57,76.42,74.17,67.98,95.49,47.92,66.22,35.39,100.0
606,Jeremy Wade,STU0606,B.Tech CSE,99.59,50.3,59.66,83.98,46.32,33.58,71.85,51.96,54.57,29.14,7.06,55.9
607,Kayla Wheeler,STU0607,B.Tech AIDS,72.62,44.35,85.91,32.4,23.63,48.32,47.94,69.25,30.63,84.2,99.17,49.02
608,Susan Kaufman,STU0608,B.Tech AIML,81.24,23.59,76.88,76.18,71.59,49.61,0.0,33.96,34.35,25.54,53.06,39.53
609,Diana Rose,STU0609,B.Tech CSE,29.38,23.53,32.11,78.04,33.47,37.13,38.58,58.47,61.41,0.0,75.54,85.91
610,Lindsay Thomas,STU0610,B.Tech AIML,23.75,25.69,38.74,31.1,55.6,1.34,22.05,88.48,26.79,81.09,58.88,4.77
611,Brian Solomon,STU0611,B.Tech AIDS,65.88,47.06,38.61,56.12,61.87,67.69,79.46,60.2,15.61,38.16,100.0,68.11
612,Sean Jordan,STU0612,B.Tech CSE,100.0,84.89,56.05,57.54,49.09,6.55,50.45,80.27,35.01,60.3,71.29,27.26
613,David Morales,STU0613,B.Tech AIDS,38.72,24.55,29.45,17.81,27.49,85.49,27.11,53.16,37.43,79.47,82.78,71.6
614,Paul Sanford,STU0614,B.Tech AIML,57.65,44.22,20.2,98.59,31.01,66.59,76.49,36.12,75.95,69.11,93.2,38.27
615,David Strong,STU0615,B.Tech AIML,17.85,37.36,55.22,51.46,40.16,2.27,61.76,99.31,61.61,65.23,64.31,59.93
616,Amber Buchanan,STU0616,B.Tech AIDS,73.29,59.88,42.18,30.1,43.78,57.85,42.1,57.86,60.98,70.83,82.07,51.95
617,Elizabeth Sanders,STU0617,B.Tech CSE,17.31,41.37,51.1,4.11,84.72,53.56,59.53,84.14,34.25,64.35,47.25,45.4
618,Benjamin Campbell,STU0618,B.Tech AIDS,30.7,91.64,40.61,67.49,3.12,79.5,76.31,52.44,44.33,60.0,100.0,5.92
619,Melissa Ward,STU0619,B.Tech CSE,69.55,27.21,49.5,43.8,39.29,49.74,21.65,75.73,5.15,63.49,41.84,20.73
620,Ricardo Hernandez,STU0620,B.Tech CSE,55.06,11.08,50.99,14.43,61.53,26.89,38.73,57.35,30.69,48.55,12.15,65.77
621,Karen Johnson,STU0621,B.Tech CSE,94.12,100.0,52.28,69.71,5.48,87.57,69.41,37.9,80.93,43.64,38.55,61.88
622,Eddie Martin,STU0622,B.Tech CSE,23.42,75.54,23.6,23.75,27.26,68.99,34.58,16.3,34.86,49.2,20.48,21.21
623,Brandy Davis,STU0623,B.Tech AIML,100.0,28.49,41.92,40.82,39.47,65.53,73.7,42.35,19.09,81.86,47.62,93.26
624,Peggy Brown,STU0624,B.Tech AIDS,0.0,54.89,97.97,41.17,44.36,57.39,36.03,42.2,41.55,34.31,80.72,61.53
625,Andrew Rodriguez,STU0625,B.Tech CSE,56.27,70.21,43.39,30.64,34.93,50.04,23.52,37.49,37.1,100.0,0.0,45.51
626,Mitchell Sanchez,STU0626,B.Tech CSE,93.14,53.05,68.84,52.5,33.32,0.0,55.14,30.61,29.99,37.53,93.62,100.0
627,Sherry Parker,STU0627,B.Tech CSE,55.43,38.38,20.57,61.71,94.57,43.82,0.0,66.75,74.63,10.35,54.41,61.28
628,Teresa Owens,STU0628,B.Tech CSE,48.17,30.23,75.4,39.92,12.87,0.0,81.52,65.42,52.2,38.99,36.78,23.11
629,Keith West,STU0629,B.Tech CSE,39.21,0.0,31.6,42.23,65.25,49.0,69.87,83.73,76.45,61.76,50.3,25.48
630,Jermaine Burton,STU0630,B.Tech AIDS,68.5,91.99,58.55,97.93,11.86,21.15,71.38,56.61,82.84,49.61,28.3,44.66
631,Karen Gomez,STU0631,B.Tech AIDS,11.68,21.79,74.31,71.82,59.08,6.97,41.04,19.38,79.41,35.41,22.86,50.74
632,Danielle Ferguson,STU0632,B.Tech AIML,34.0,87.09,31.63,15.02,0.0,49.23,35.95,14.28,79.73,66.68,49.29,84.11
633,David Lopez,STU0633,B.Tech AIDS,66.56,29.43,24.02,70.45,59.91,54.24,28.84,65.2,31.11,47.45,86.17,33.48
634,Justin Frey,STU0634,B.Tech AIDS,10.68,23.69,74.86,56.37,46.78,37.27,62.13,28.77,57.64,31.72,27.56,34.06
635,Gabriel Brown,STU0635,B.Tech AIML,40.61,48.78,55.89,0.0,29.81,40.21,87.63,23.0,54.07,87.38,17.18,59.85
636,Lee Fernandez,STU0636,B.Tech AIDS,29.94,37.38,29.92,31.7,100.0,71.11,77.54,62.3,9.84,59.87,76.82,28.67
637,Angela Baldwin,STU0637,B.Tech AIML,74.13,67.61,96.3,39.56,22.56,40.96,85.89,4.29,0.0,52.23,38.94,50.19
638,Mark Osborne,STU0638,B.Tech AIDS,73.63,36.19,3.17,100.0,25.07,23.52,77.59,40.39,48.42,62.07,77.09,41.66
639,Alison Boone,STU0639,B.Tech AIDS,88.0,0.0,68.99,29.01,84.31,53.55,33.18,66.57,72.33,66.05,24.26,37.9
640,Chad Cooper,STU0640,B.Tech AIML,49.9,48.97,68.74,0.0,58.36,42.75,29.04,31.44,44.64,0.0,32.47,28.1
641,Hannah Smith,STU0641,B.Tech AIDS,63.32,29.86,44.62,88.56,74.86,72.56,37.5,63.58,44.15,45.1,60.24,35.08
642,Thomas Hansen,STU0642,B.Tech CSE,87.33,46.0,65.46,86.39,75.79,14.78,61.12,71.27,72.3,22.17,33.57,74.86
643,Mr. Joseph Ward PhD,STU0643,B.Tech AIML,30.96,42.51,89.4,48.81,31.83,28.06,58.32,16.67,43.82,58.33,82.48,66.69
644,Jessica Stout,STU0644,B.Tech AIML,32.15,79.46,42.51,19.11,45.7,85.95,54.13,50.31,90.93,14.22,17.86,9.6
645,Allison Alexander,STU0645,B.Tech AIDS,59.32,54.16,88.57,56.09,39.9,50.04,52.94,8.21,100.0,63.0,55.25,65.38
646,Sherri Greer,STU0646,B.Tech CSE,67.74,46.49,34.22,64.99,59.64,29.75,85.48,57.33,68.25,84.8,50.55,57.92
647,Kristen Little,STU0647,B.Tech CSE,70.25,31.88,51.35,53.14,26.1,100.0,14.82,17.55,82.86,67.83,24.35,65.18
648,Mr. John Rice,STU0648,B.Tech AIML,86.7,49.24,100.0,6.9,67.35,79.16,72.28,44.89,42.74,61.1,70.39,65.06
649,David Shaw,STU0649,B.Tech AIML,76.0,24.53,44.31,26.5,40.35,75.38,52.7,100.0,54.84,51.49,52.65,34.05
650,Kent Gross,STU0650,B.Tech AIML,48.55,78.19,52.85,30.16,26.87,38.74,51.85,79.84,16.49,42.0,53.61,4.16
651,Jennifer Turner,STU0651,B.Tech AIDS,29.16,33.0,30.1,54.8,45.99,36.12,60.7,93.08,90.98,1.93,64.43,45.55
652,Billy Mullen,STU0652,B.Tech AIDS,53.88,40.04,52.94,53.79,35.53,27.59,38.78,55.86,64.97,71.33,37.65,57.1
653,Robert Carney,STU0653,B.Tech CSE,74.06,79.14,48.53,44.48,54.78,21.26,45.16,68.61,66.05,43.24,55.44,29.38
654,Wayne Hughes,STU0654,B.Tech CSE,67.59,48.05,43.1,40.96,48.43,38.8,66.45,40.12,89.82,86.63,27.71,51.74
655,James Ballard,STU0655,B.Tech CSE,33.73,41.83,100.0,42.31,59.01,63.53,24.98,28.62,19.85,27.85,0.0,63.61
656,Dana George,STU0656,B.Tech AIDS,100.0,53.7,14.59,33.93,38.53,24.56,71.5,70.26,21.11,68.13,88.17,97.56
657,Rachel Thomas,STU0657,B.Tech AIDS,100.0,27.45,100.0,41.14,35.19,58.18,35.45,59.98,17.0,44.03,82.14,48.57
658,William Pierce,STU0658,B.Tech AIML,53.54,61.88,79.27,8.62,64.61,43.3,54.17,76.5,20.15,24.68,1.61,36.27
659,Christina Williams,STU0659,B.Tech CSE,83.26,46.99,16.5,37.86,12.8,21.87,59.72,20.65,77.82,48.22,52.14,43.04
660,Kelly Stephens,STU0660,B.Tech AIML,69.32,69.58,58.38,64.12,44.7,63.56,41.55,50.06,43.13,38.57,32.77,61.69
661,Dr. Lee Davis MD,STU0661,B.Tech CSE,82.77,79.28,18.59,82.23,42.05,65.02,27.34,53.55,57.84,12.88,65.21,83.65
662,Gary Silva,STU0662,B.Tech AIML,45.63,84.0,45.26,71.24,0.0,100.0,87.39,42.88,0.7,57.2,13.9,61.12
663,Pamela Smith,STU0663,B.Tech AIDS,60.29,26.46,78.02,70.14,74.4,50.22,14.61,74.45,43.24,15.26,83.8,100.0
664,Martin Ware,STU0664,B.Tech AIML,48.97,100.0,52.28,40.49,34.24,90.93,30.5,68.38,36.02,38.49,75.76,40.5
665,Maria Monroe,STU0665,B.Tech AIDS,39.88,78.32,89.93,66.12,33.63,37.23,52.0,58.02,25.3,68.08,52.14,7.11
666,Kelsey Compton,STU0666,B.Tech CSE,26.78,37.4,48.18,97.23,55.95,28.98,55.52,41.2,58.12,64.51,80.23,49.39
667,Edward Briggs,STU0667,B.Tech AIDS,90.97,72.7,32.31,100.0,58.17,29.12,91.32,100.0,49.17,37.41,45.69,67.87
668,Tony Wilson,STU0668,B.Tech CSE,81.95,64.26,52.54,87.45,42.18,75.77,42.8,60.78,47.16,48.6,40.57,83.62
669,Sean Wheeler,STU0669,B.Tech CSE,31.68,31.49,100.0,74.45,0.0,35.87,4.7,26.23,0.0,46.58,21.45,51.5
670,Stacey Schneider,STU0670,B.Tech CSE,9.37,52.07,39.63,87.55,85.28,69.63,41.83,99.63,11.17,14.91,47.91,100.0
671,Daniel Perez,STU0671,B.Tech AIML,44.94,45.42,13.95,73.65,73.83,69.73,34.27,32.33,17.67,52.1,22.99,20.56
672,Sara Martinez,STU0672,B.Tech CSE,39.41,37.77,36.55,61.66,51.98,42.8,54.58,25.21,52.63,53.77,12.42,74.89
673,Kathleen Hill,STU0673,B.Tech CSE,27.96,52.26,79.11,73.14,50.86,40.94,73.69,66.87,34.54,30.13,0.0,53.85
674,Rachel Moore,STU0674,B.Tech CSE,47.93,78.4,58.98,83.36,32.57,78.45,36.78,69.44,13.53,55.88,0.38,43.32
675,Kelsey Lozano,STU0675,B.Tech AIDS,61.01,36.98,23.74,71.15,47.41,37.76,51.05,100.0,78.84,79.06,60.89,54.16
676,William Cameron,STU0676,B.Tech AIML,0.0,33.03,37.99,3.13,21.06,0.48,49.04,70.47,77.67,60.37,25.92,1.7
677,Rebecca Cunningham,STU0677,B.Tech AIML,6.08,18.28,27.78,46.01,24.65,58.47,44.19,50.26,78.51,20.49,60.47,49.65
678,Samantha Schmidt,STU0678,B.Tech AIML,41.66,72.13,71.98,26.34,45.45,57.03,43.17,64.63,57.03,95.81,11.74,46.94
679,Jose Hamilton,STU0679,B.Tech AIML,27.29,65.1,9.57,58.66,34.25,31.65,13.84,38.37,77.11,49.37,65.69,91.62
680,Gina Reyes,STU0680,B.Tech CSE,56.59,36.03,61.68,36.39,37.39,12.0,73.16,40.35,54.55,24.1,60.9,30.95
681,Angela Johnson,STU0681,B.Tech AIML,46.46,71.95,69.77,49.45,5.8,100.0,93.65,68.07,31.17,47.16,36.41,81.6
682,Randall Chavez,STU0682,B.Tech AIML,56.56,30.4,38.23,78.03,90.0,88.21,68.93,43.68,0.0,57.43,49.95,53.5
683,William Marks,STU0683,B.Tech AIDS,51.35,16.84,63.94,65.81,67.06,73.66,65.1,39.75,48.23,52.28,52.69,74.96
684,Steven Johnston,STU0684,B.Tech CSE,66.09,100.0,100.0,51.99,0.0,80.92,36.49,29.96,40.04,38.83,65.31,11.01
685,Jennifer Moss,STU0685,B.Tech AIDS,23.06,58.58,65.57,66.04,30.32,25.54,37.33,56.0,87.14,0.0,44.48,16.68
686,Loretta Thompson,STU0686,B.Tech CSE,8.69,74.17,63.62,61.24,73.03,38.01,39.18,100.0,43.84,68.38,50.16,3.79
687,Phillip Vance,STU0687,B.Tech AIML,0.0,35.53,76.4,69.71,72.85,25.32,90.4,25.88,55.32,49.74,45.65,83.46
688,Spencer Berry,STU0688,B.Tech CSE,32.37,16.26,50.5,40.0,100.0,66.91,39.77,23.6,2.99,24.37,52.87,85.68
689,Vickie Scott,STU0689,B.Tech AIDS,78.04,55.73,41.92,56.72,37.03,92.96,45.27,47.84,0.0,45.11,70.91,23.31
690,Randy Black,STU0690,B.Tech CSE,31.23,69.82,13.08,76.45,36.7,40.29,21.9,59.45,100.0,69.54,28.39,78.39
691,Donna Fuentes,STU0691,B.Tech AIML,42.08,84.36,70.17,0.0,24.9,73.61,53.79,24.41,34.16,2.34,47.79,100.0
692,Edward Riley,STU0692,B.Tech CSE,70.12,100.0,72.06,75.69,99.35,59.43,45.32,75.82,86.35,38.0,31.96,53.47
693,Olivia Walker,STU0693,B.Tech AIDS,70.79,69.95,14.4,97.79,33.97,43.37,27.43,100.0,56.05,28.73,71.6,69.23
694,Aaron Henry,STU0694,B.Tech AIDS,45.31,71.02,29.37,37.68,0.0,16.9,95.19,91.04,51.64,91.57,46.0,43.91
695,Sandra Thomas,STU0695,B.Tech CSE,51.41,46.88,44.62,78.58,53.75,67.81,75.78,59.7,25.74,16.18,53.72,45.72
696,Preston Johnson,STU0696,B.Tech AIDS,52.18,49.6,100.0,16.74,0.25,58.31,40.59,57.9,64.6,82.1,12.32,36.08
697,Joshua Hicks,STU0697,B.Tech AIML,60.72,69.26,100.0,73.89,48.58,27.74,35.89,35.18,66.38,56.42,16.91,39.1
698,Denise Brown,STU0698,B.Tech AIML,71.94,58.79,64.22,59.57,90.66,55.9,40.35,27.11,56.24,0.0,45.39,44.85
699,Samuel Hill,STU0699,B.Tech CSE,15.89,26.79,70.24,55.77,52.54,57.66,52.32,81.07,53.09,13.54,90.75,59.26
700,Donna Mcpherson,STU0700,B.Tech AIML,35.27,18.66,59.9,47.07,89.35,41.35,29.07,72.39,73.13,54.22,66.91,49.06
701,Shannon White,STU0701,B.Tech AIML,55.85,79.12,65.63,45.77,83.81,0.0,100.0,7.35,34.32,48.98,46.34,75.16
702,Kenneth Guerra,STU0702,B.Tech AIDS,23.55,56.52,35.54,57.38,48.38,52.32,36.25,37.25,57.18,73.59,35.04,28.28
703,Colleen Joyce,STU0703,B.Tech CSE,65.34,49.19,70.76,27.36,5.51,36.67,30.84,48.03,34.08,68.53,42.8,53.76
704,Claire Hebert,STU0704,B.Tech AIDS,53.94,54.87,49.4,62.77,30.11,84.99,44.09,17.21,54.7,28.72,66.63,100.0
705,Wesley Solomon,STU0705,B.Tech AIML,30.34,58.31,6.11,61.35,27.86,34.38,22.47,68.3,75.18,50.58,28.39,89.74
706,Angela Frazier,STU0706,B.Tech CSE,31.24,0.0,61.46,22.38,74.72,40.47,65.09,85.04,19.78,35.85,48.11,88.44
707,Julie Ford,STU0707,B.Tech AIDS,33.54,35.14,61.95,35.57,53.81,11.21,100.0,16.31,41.96,49.19,97.82,16.88
708,Jason Rich,STU0708,B.Tech AIDS,99.59,68.93,60.43,25.38,64.28,31.91,81.67,25.72,47.17,36.12,25.31,68.53
709,Stephanie Pratt,STU0709,B.Tech AIDS,63.39,80.23,5.5,76.6,100.0,38.71,97.38,43.42,15.69,42.36,76.21,29.05
710,Daniel Baker,STU0710,B.Tech CSE,34.99,64.84,50.08,64.62,55.95,61.99,39.19,55.79,26.82,82.21,34.14,78.22
711,Hector Wallace,STU0711,B.Tech CSE,44.16,55.05,37.63,24.6,6.38,23.62,41.9,55.3,75.26,38.86,27.95,13.93
712,Tracy Juarez,STU0712,B.Tech AIDS,62.0,84.58,81.66,67.75,65.96,92.44,58.3,66.15,41.98,15.95,32.9,49.77
713,Miguel Casey,STU0713,B.Tech CSE,51.52,98.16,52.03,79.47,39.12,42.21,16.77,31.44,63.17,50.19,73.57,54.53
714,Julia Jenkins,STU0714,B.Tech AIML,41.19,100.0,47.65,79.08,39.97,67.74,73.2,55.21,0.0,50.46,80.76,63.19
715,Ashley Johnson,STU0715,B.Tech CSE,61.15,6.94,31.99,60.28,60.26,80.37,46.38,60.15,50.41,25.33,0.0,60.78
716,Teresa Rodriguez,STU0716,B.Tech AIDS,54.35,34.55,9.52,65.74,43.35,63.92,96.6,0.0,32.51,44.77,86.37,9.09
717,Amber Keller,STU0717,B.Tech AIML,98.4,53.4,47.6,45.05,39.09,76.2,23.29,58.64,40.4,30.95,100.0,60.48
718,Dakota Ellis,STU0718,B.Tech CSE,65.33,78.44,14.47,93.81,0.0,30.78,38.52,64.54,55.47,45.83,49.7,25.55
719,Audrey Alexander,STU0719,B.Tech AIML,12.57,68.16,67.34,89.61,30.25,67.32,42.91,79.76,75.55,55.28,41.51,74.02
720,Roy Marquez,STU0720,B.Tech CSE,66.17,32.89,16.81,42.79,87.89,78.66,22.19,20.81,81.87,21.61,62.73,34.6
721,Kathryn Garcia,STU0721,B.Tech AIDS,90.43,30.74,78.58,54.62,56.3,0.74,0.0,44.49,56.17,21.87,22.78,64.04
722,Carlos Lopez,STU0722,B.Tech AIML,64.07,46.56,69.51,20.64,41.1,91.2,51.71,53.16,100.0,15.02,69.91,91.6
723,Christopher Lawson,STU0723,B.Tech AIML,41.88,71.49,25.45,32.83,59.62,69.96,78.02,89.24,48.31,79.84,41.44,72.55
724,Veronica Hubbard,STU0724,B.Tech AIDS,55.19,61.14,60.59,9.88,21.9,52.56,7.82,70.78,71.79,58.18,21.97,84.5
725,Chad Bradley,STU0725,B.Tech AIDS,100.0,53.68,62.76,55.04,63.26,47.01,49.14,72.64,100.0,15.0,47.4,20.49
726,Timothy Ashley,STU0726,B.Tech CSE,89.8,35.31,13.92,65.95,93.61,66.59,55.12,60.23,85.37,28.15,47.2,38.68
727,Kaitlin Ford,STU0727,B.Tech CSE,20.8,41.79,77.69,64.17,66.11,53.66,63.08,29.99,42.26,54.8,56.94,58.0
728,Ashley Hall,STU0728,B.Tech AIML,46.54,40.56,100.0,72.67,60.33,44.17,38.72,46.73,57.32,2.99,10.77,34.08
729,Felicia Sosa,STU0729,B.Tech AIML,55.18,44.02,86.95,12.94,31.22,88.0,53.28,72.12,100.0,32.65,47.52,43.19
730,Stacy Peterson,STU0730,B.Tech AIDS,1.14,42.24,72.03,63.51,65.48,40.61,33.6,81.73,37.57,57.35,54.08,86.54
731,Angela Wyatt,STU0731,B.Tech AIDS,74.29,17.62,20.31,64.47,48.39,38.62,75.39,54.69,51.31,69.5,40.62,89.21
732,Robert Campbell,STU0732,B.Tech CSE,30.3,66.42,85.85,15.57,41.42,78.56,78.93,45.71,31.63,73.9,79.59,20.88
733,Mrs. Rebecca Brewer,STU0733,B.Tech CSE,19.9,55.63,65.73,42.52,66.98,32.25,0.0,39.4,51.58,43.1,21.03,4.61
734,Michelle Gates,STU0734,B.Tech CSE,37.15,72.44,81.4,79.69,29.6,21.16,62.42,65.88,60.0,0.0,28.33,49.26
735,Brandon Wilson,STU0735,B.Tech CSE,62.18,69.18,53.61,58.27,52.12,67.14,57.82,51.64,43.29,52.03,62.11,56.69
736,John Cannon,STU0736,B.Tech CSE,59.52,83.57,56.63,33.78,72.09,15.85,22.96,58.4,62.91,18.87,40.43,34.85
737,Brandon Evans,STU0737,B.Tech CSE,37.83,73.59,67.66,49.52,36.35,16.26,85.5,64.8,32.33,67.99,48.24,42.82
738,Penny Buckley,STU0738,B.Tech AIML,60.88,31.46,41.41,53.04,37.51,66.73,96.73,31.14,8.37,0.0,46.24,33.42
739,Rebecca Douglas,STU0739,B.Tech CSE,55.2,53.31,9.92,4.63,57.4,53.39,39.35,8.57,61.78,81.8,56.95,28.81
740,Veronica Manning,STU0740,B.Tech AIML,51.11,15.85,76.45,52.05,5.8,42.48,61.58,41.67,43.1,19.39,64.16,33.79
741,Heather Ford,STU0741,B.Tech AIDS,0.0,40.72,74.53,40.33,93.45,60.72,58.47,46.79,48.29,43.41,42.44,63.27
742,Paul Fields MD,STU0742,B.Tech CSE,26.6,23.1,21.92,100.0,63.26,57.61,23.56,65.58,47.09,55.35,25.58,54.01
743,John Ramirez,STU0743,B.Tech AIML,39.4,30.86,68.35,11.56,64.12,67.11,28.01,29.49,44.42,57.05,46.18,60.84
744,Ryan Clark,STU0744,B.Tech AIDS,94.07,37.31,7.12,70.65,92.08,59.82,22.81,46.9,22.04,66.07,16.22,42.5
745,Richard Chen,STU0745,B.Tech AIML,24.89,53.17,40.84,54.42,50.56,25.33,65.67,48.78,25.29,100.0,61.91,46.17
746,Dana Parsons,STU0746,B.Tech CSE,85.38,96.05,46.37,58.68,25.3,46.32,45.02,54.62,58.32,64.0,55.94,19.73
747,Randy Smith,STU0747,B.Tech AIML,26.54,36.34,42.94,76.27,20.93,41.06,73.83,42.5,61.51,46.51,56.42,44.29
748,Elizabeth Bryant,STU0748,B.Tech CSE,66.68,11.37,40.92,57.41,63.34,87.32,40.22,86.99,33.52,83.22,70.44,27.16
749,Kim Goodwin,STU0749,B.Tech AIDS,57.68,48.72,65.64,44.42,42.32,84.23,47.53,70.66,44.37,91.67,33.04,34.65
750,Joy Terry,STU0750,B.Tech CSE,88.11,38.88,90.03,72.3,46.13,4.67,49.52,52.54,79.18,89.71,32.88,70.03
751,Stephen Smith,STU0751,B.Tech AIDS,69.14,76.84,62.47,1.44,46.11,21.11,44.93,74.5,57.63,78.7,58.54,17.54
752,Allen Haynes,STU0752,B.Tech AIML,0.0,53.72,44.65,25.58,7.48,31.63,45.14,66.65,54.72,90.2,24.11,72.03
753,Jonathan Hamilton,STU0753,B.Tech CSE,51.18,67.37,39.09,76.79,57.38,33.01,49.7,44.01,62.23,20.51,49.27,59.88
754,John Knight,STU0754,B.Tech AIDS,50.83,83.67,69.35,49.81,55.42,57.39,60.08,4.36,42.46,12.89,81.96,48.48
755,Isaac Flowers,STU0755,B.Tech AIML,45.17,72.42,60.56,21.78,48.23,41.62,6.39,32.74,45.41,47.13,12.94,78.79
756,Carrie Joyce,STU0756,B.Tech AIDS,47.45,50.94,60.02,30.3,61.41,40.82,27.59,64.34,87.29,68.12,73.07,36.98
757,Brian Fisher,STU0757,B.Tech CSE,10.06,87.25,100.0,88.57,41.61,21.13,23.36,7.91,47.32,90.14,46.46,57.56
758,Jennifer Arnold,STU0758,B.Tech AIML,84.39,39.9,100.0,99.8,46.72,35.56,67.43,41.31,21.09,82.03,80.41,53.89
759,Cynthia Carpenter,STU0759,B.Tech AIDS,18.43,19.26,52.68,37.5,41.47,75.55,68.33,84.45,25.23,41.42,68.97,61.2
760,David Garrett,STU0760,B.Tech AIML,88.31,60.51,96.2,63.5,76.55,41.91,50.36,72.77,90.32,68.23,47.92,84.43
761,Gabrielle Simpson,STU0761,B.Tech AIDS,0.0,14.44,67.04,50.35,65.14,51.61,64.27,29.64,64.26,74.86,80.51,100.0
762,Kristen Freeman,STU0762,B.Tech CSE,56.1,56.85,11.92,36.71,45.17,76.26,34.72,69.91,49.96,45.57,56.22,40.22
763,Nicole Williamson,STU0763,B.Tech CSE,39.27,7.38,43.8,38.0,37.1,60.42,66.47,55.8,74.89,64.39,42.62,38.43
764,Gerald Schultz,STU0764,B.Tech CSE,57.82,64.34,84.95,79.78,36.46,47.45,66.78,76.7,73.47,48.4,18.65,25.03
765,Zachary Schroeder,STU0765,B.Tech AIDS,56.82,58.56,22.53,51.11,65.78,21.22,77.62,40.56,81.44,36.66,24.33,38.55
766,William Mclaughlin,STU0766,B.Tech CSE,47.62,40.29,44.6,58.35,45.72,48.35,7.27,59.79,47.77,90.26,26.51,4.79
767,Jaime Williams,STU0767,B.Tech AIML,65.45,58.66,24.79,11.76,88.43,85.35,0.0,38.54,91.6,38.1,37.73,42.93
768,Victoria Archer,STU0768,B.Tech CSE,21.98,7.38,76.31,3.93,56.18,72.16,13.72,26.89,80.33,63.32,34.57,80.06
769,Zachary Clarke,STU0769,B.Tech AIDS,80.16,56.73,27.5,39.66,57.16,45.29,73.47,11.76,12.64,54.52,37.71,34.32
770,Sarah Mueller,STU0770,B.Tech AIDS,5.8,50.49,48.68,66.34,51.72,46.68,79.43,17.19,63.41,8.22,29.04,19.68
771,Michelle Martin,STU0771,B.Tech AIML,69.55,48.36,49.66,22.33,42.51,30.91,59.59,25.22,83.24,8.11,29.84,91.93
772,Richard Williams,STU0772,B.Tech AIDS,39.12,17.13,55.48,38.12,29.1,22.6,100.0,43.71,1.86,87.34,65.28,30.84
773,Samantha Brooks,STU0773,B.Tech AIML,26.67,66.84,43.83,1.85,94.68,39.15,87.39,81.96,24.97,75.83,33.71,3.33
774,Emily Buck,STU0774,B.Tech AIML,39.39,59.94,38.43,42.32,78.59,52.66,28.92,67.55,54.94,0.0,60.71,59.8
775,Sheila Rodriguez,STU0775,B.Tech AIDS,50.5,72.29,33.19,58.41,10.83,60.18,98.83,25.13,31.0,32.25,53.25,23.42
776,David Williamson,STU0776,B.Tech AIDS,60.53,71.17,63.36,5.79,74.88,73.43,70.75,59.32,55.5,75.81,98.09,26.17
777,Dawn Vasquez,STU0777,B.Tech AIDS,76.95,47.84,46.76,11.59,42.88,25.07,38.4,22.55,38.78,39.85,52.42,9.63
778,Katherine Jordan,STU0778,B.Tech AIDS,13.86,59.05,30.06,76.86,55.63,65.17,85.27,42.26,35.64,71.79,62.74,45.32
779,Daniel Ward,STU0779,B.Tech AIDS,84.79,44.69,50.82,50.53,26.64,51.94,84.92,61.12,50.78,45.96,58.27,68.74
780,Judy Miller,STU0780,B.Tech AIDS,65.23,41.7,58.12,62.0,24.82,54.21,0.0,62.06,66.51,68.69,40.12,57.73
781,Leah Lewis,STU0781,B.Tech AIML,85.6,85.34,49.27,53.48,77.77,12.48,41.92,83.39,74.38,59.23,12.35,48.75
782,Carl Martinez,STU0782,B.Tech AIDS,35.25,58.28,29.77,24.36,0.0,80.55,40.01,53.93,49.94,23.31,18.52,24.87
783,Nathan Roy,STU0783,B.Tech CSE,31.92,59.17,30.11,93.66,75.68,70.21,47.01,87.86,44.55,49.22,54.25,67.55
784,Jason Barker,STU0784,B.Tech CSE,65.92,38.12,36.68,66.0,67.88,40.17,10.32,44.82,65.59,95.14,20.05,39.34
785,Victoria Becker,STU0785,B.Tech AIML,40.26,83.9,49.13,27.32,63.97,39.88,19.39,27.68,93.35,59.61,52.69,43.75
786,William Stanley,STU0786,B.Tech CSE,57.3,57.01,57.3,52.87,71.72,50.58,25.55,34.69,0.52,100.0,71.57,29.25
787,Dr. Cassandra Peterson MD,STU0787,B.Tech AIDS,42.95,34.08,88.56,14.5,52.86,47.29,70.67,47.4,6.04,43.72,25.7,51.99
788,Melissa Reyes,STU0788,B.Tech AIDS,85.85,6.51,29.99,36.18,40.46,68.5,45.66,60.4,34.36,55.75,69.44,31.69
789,Allen Campbell,STU0789,B.Tech AIML,69.53,51.31,76.14,44.96,59.53,48.98,47.59,56.47,63.42,18.76,85.84,3.51
790,Jeremy Moore,STU0790,B.Tech CSE,32.88,47.64,60.31,89.4,3.54,37.31,0.0,50.79,56.79,89.77,53.02,76.1
791,David Moore,STU0791,B.Tech CSE,64.6,39.12,14.78,56.88,12.7,82.38,45.95,79.88,37.99,56.72,55.23,48.87
792,Alexandria Smith,STU0792,B.Tech CSE,39.18,59.81,26.85,19.76,81.07,68.18,51.65,91.63,43.31,83.07,54.39,24.38
793,Stephanie Flowers,STU0793,B.Tech AIML,96.2,74.77,46.97,68.18,39.91,70.73,0.0,24.5,74.48,43.76,55.19,16.33
794,Jessica Higgins,STU0794,B.Tech AIML,96.2,79.76,44.98,39.88,75.74,99.56,73.84,100.0,26.94,29.52,20.28,61.04
795,Tracey Dougherty,STU0795,B.Tech AIML,54.39,46.2,70.23,80.81,11.86,35.08,70.5,38.31,30.04,75.46,17.76,42.46
796,Elizabeth Fernandez,STU0796,B.Tech AIDS,58.22,35.65,69.58,35.78,85.22,46.86,66.78,68.65,34.31,0.0,59.02,51.81
797,Antonio Reed,STU0797,B.Tech AIDS,63.9,44.34,39.24,100.0,13.19,68.35,35.63,41.61,42.07,29.91,64.28,84.77
798,Christopher Mitchell,STU0798,B.Tech AIDS,61.75,52.58,25.34,62.92,100.0,40.48,40.6,35.97,37.76,0.0,60.13,28.86
799,Michael Burke,STU0799,B.Tech AIML,9.74,68.83,22.95,41.53,86.66,14.77,11.69,56.73,78.74,10.64,60.19,64.52
800,Savannah Gray,STU0800,B.Tech AIDS,0.0,69.96,71.92,42.21,81.31,78.41,52.58,38.71,25.68,49.06,64.24,41.9
801,Anthony Jennings,STU0801,B.Tech AIML,0.0,81.72,54.76,40.51,71.43,88.12,0.0,60.86,14.33,62.48,53.2,65.89
802,Brian Cortez,STU0802,B.Tech AIDS,37.52,3.17,38.74,60.17,75.38,20.7,75.68,33.8,59.06,37.25,54.55,72.3
803,Jason Johnson,STU0803,B.Tech AIDS,19.32,33.0,54.62,100.0,28.42,100.0,100.0,47.57,42.55,32.7,48.29,14.83
804,Anthony Garcia,STU0804,B.Tech CSE,48.09,87.42,34.72,43.98,7.47,59.35,56.61,51.59,44.58,42.68,62.55,49.28
805,Peter Martin,STU0805,B.Tech CSE,57.87,55.37,78.09,66.92,54.82,87.96,60.51,82.62,65.17,3.95,82.62,53.38
806,Lisa Burns,STU0806,B.Tech AIDS,48.7,57.03,41.38,55.68,35.2,81.86,47.16,40.44,26.88,56.72,54.68,59.71
807,Marco Parker,STU0807,B.Tech AIML,24.32,9.97,65.64,87.12,24.34,89.74,57.1,49.82,40.06,15.39,74.69,30.61
808,Benjamin Adams,STU0808,B.Tech AIML,30.5,74.8,2.93,11.91,49.55,57.33,62.12,42.46,100.0,44.3,44.23,30.08
809,Courtney Smith,STU0809,B.Tech AIDS,53.1,65.37,80.09,12.77,43.85,61.17,64.68,50.16,63.56,29.78,88.95,74.82
810,Gail Johns,STU0810,B.Tech CSE,16.38,23.12,23.83,66.95,17.88,41.72,61.37,48.35,56.47,23.35,64.87,34.67
811,April Mcdaniel,STU0811,B.Tech AIDS,41.88,55.94,52.58,50.6,31.23,42.51,50.05,15.62,38.44,59.69,18.06,78.91
812,Dennis Chen,STU0812,B.Tech CSE,81.74,18.87,83.94,46.41,60.46,37.58,73.08,60.15,29.65,20.87,13.49,54.7
813,Ricky Bell,STU0813,B.Tech CSE,64.31,66.27,47.05,21.08,32.95,78.81,37.88,53.59,23.11,58.41,38.56,76.17
814,Bruce Ayers,STU0814,B.Tech CSE,69.34,37.61,46.83,36.22,14.51,28.56,54.96,58.13,53.71,42.46,73.33,51.59
815,Larry Vasquez,STU0815,B.Tech AIDS,67.58,5.66,0.0,57.09,14.38,44.69,42.45,89.69,60.0,54.15,70.92,59.21
816,Carlos Washington,STU0816,B.Tech AIDS,38.56,76.79,22.26,58.08,11.31,55.1,54.82,91.91,10.88,34.98,70.57,58.38
817,Loretta Hall,STU0817,B.Tech AIDS,54.51,26.1,35.23,81.13,48.71,59.38,47.12,20.42,73.35,62.58,100.0,24.61
818,Jessica Miller,STU0818,B.Tech CSE,70.56,17.21,53.93,74.41,0.0,44.88,35.92,32.45,59.63,78.02,46.67,55.14
819,Brian Arnold,STU0819,B.Tech AIML,52.86,50.05,22.77,77.71,57.38,59.87,29.84,38.52,45.6,11.65,7.8,34.98
820,Ashley Wolf,STU0820,B.Tech AIDS,63.06,33.67,24.53,29.63,38.62,41.15,100.0,76.37,75.62,79.21,25.03,19.44
821,Kristen Palmer,STU0821,B.Tech AIDS,22.33,83.36,36.32,18.72,39.23,44.03,56.71,56.27,29.3,67.14,34.02,46.09
822,Phillip Garcia,STU0822,B.Tech CSE,67.17,33.95,35.77,64.79,28.56,40.38,63.89,100.0,65.14,61.82,63.27,23.17
823,William Thomas,STU0823,B.Tech AIDS,52.89,49.26,58.04,52.91,59.49,42.21,51.47,19.3,42.0,84.77,57.97,49.48
824,Vincent Watts,STU0824,B.Tech AIDS,97.4,15.98,22.26,92.82,51.15,43.94,20.02,61.19,63.61,22.64,46.49,41.61
825,Sarah Russell,STU0825,B.Tech AIML,56.4,22.02,81.3,72.9,40.92,44.59,46.59,30.54,38.91,43.24,90.32,73.67
826,David Newman,STU0826,B.Tech AIML,73.37,59.25,22.07,48.96,74.26,18.54,65.91,100.0,76.55,85.35,55.46,74.2
827,Tracey Frye,STU0827,B.Tech CSE,32.05,69.9,66.36,57.25,82.9,36.53,45.32,52.39,24.26,55.67,7.03,76.17
828,Rachel Richardson,STU0828,B.Tech CSE,51.17,36.98,29.14,44.14,67.21,63.69,32.36,28.85,66.42,31.94,51.5,53.09
829,Tammy Briggs,STU0829,B.Tech CSE,57.8,71.46,18.43,2.22,35.81,95.04,100.0,95.78,45.18,5.45,0.0,34.65
830,Joseph Roberts,STU0830,B.Tech AIDS,45.05,82.52,71.7,55.69,27.75,25.98,56.35,67.43,59.8,24.14,66.27,60.65
831,Maria Taylor,STU0831,B.Tech AIDS,23.23,30.39,67.21,44.14,89.73,62.53,37.83,49.74,51.58,31.79,27.19,67.53
832,Vanessa Young,STU0832,B.Tech AIDS,71.13,65.09,87.88,36.46,91.86,27.48,24.68,6.0,38.86,37.41,63.15,56.1
833,Gary Hull,STU0833,B.Tech CSE,20.18,40.18,40.71,5.6,25.48,30.73,85.84,54.79,66.55,12.53,79.86,82.53
834,Catherine Juarez,STU0834,B.Tech CSE,0.04,32.37,62.39,66.11,33.04,42.36,35.07,52.76,79.93,30.72,75.02,30.46
835,Brandi Mcguire,STU0835,B.Tech AIDS,28.81,70.46,73.05,71.29,17.11,38.35,70.57,51.04,23.16,61.46,32.13,94.86
836,Mark Wiley,STU0836,B.Tech AIDS,88.62,65.1,84.03,51.62,69.14,86.94,56.14,43.62,7.38,47.92,70.59,73.64
837,Anthony Nixon,STU0837,B.Tech AIDS,62.61,36.47,0.58,37.62,42.39,42.18,65.46,99.64,53.09,44.58,43.52,53.11
838,Robert Martin,STU0838,B.Tech AIML,29.29,53.0,61.27,55.24,61.44,60.84,5.7,65.92,33.22,22.6,22.39,60.84
839,Ann Watts,STU0839,B.Tech AIDS,44.44,7.95,61.95,14.01,53.5,55.96,72.14,94.54,15.88,48.69,43.09,60.84
840,Jane Barton,STU0840,B.Tech AIML,55.39,41.19,38.98,22.09,74.7,61.48,72.94,42.24,33.58,23.04,58.97,24.01
841,Vanessa Williams,STU0841,B.Tech AIDS,96.22,17.31,56.84,89.17,64.98,54.39,25.79,15.46,69.25,87.65,39.03,21.52
842,Vincent Curtis,STU0842,B.Tech AIDS,0.0,25.48,47.16,89.98,66.83,57.63,40.0,35.42,85.14,55.02,0.0,33.16
843,John Bernard,STU0843,B.Tech CSE,28.54,36.34,64.07,47.31,48.08,82.84,32.59,96.6,33.22,52.23,42.97,53.09
844,Brandon Phillips,STU0844,B.Tech AIML,61.11,60.85,31.17,21.93,100.0,37.9,67.48,9.81,43.01,46.82,61.82,0.0
845,Angela Weber,STU0845,B.Tech AIDS,54.15,21.26,58.11,24.09,28.61,43.16,23.69,38.11,20.17,4.17,75.45,17.6
846,Catherine Davis,STU0846,B.Tech AIML,45.53,68.82,34.63,29.37,55.66,77.95,20.77,46.25,6.69,40.17,50.86,28.63
847,Felicia Evans,STU0847,B.Tech AIML,38.58,14.79,51.93,76.39,22.57,34.43,62.56,80.3,12.67,45.78,57.08,47.45
848,Marcus Davenport,STU0848,B.Tech AIML,0.0,62.53,87.98,52.92,24.22,37.17,94.25,72.75,66.0,58.91,33.47,44.99
849,Doris Garcia,STU0849,B.Tech CSE,48.05,63.74,87.72,77.96,14.52,55.6,68.42,65.47,34.27,100.0,18.07,22.92
850,David Young,STU0850,B.Tech CSE,55.84,100.0,29.1,43.35,76.93,49.55,41.63,64.14,56.81,75.76,82.29,57.68
851,Michael Ibarra,STU0851,B.Tech AIDS,57.29,55.35,62.23,51.38,49.98,79.92,87.9,12.31,50.25,32.78,42.23,60.06
852,Colleen Johnston,STU0852,B.Tech AIDS,66.74,47.2,2.17,25.87,72.41,0.0,79.69,63.03,82.9,45.04,0.0,60.76
853,Dana Patterson,STU0853,B.Tech CSE,81.87,73.12,33.43,52.17,36.68,29.52,73.88,20.06,27.65,22.4,12.74,53.66
854,Sara Swanson,STU0854,B.Tech AIDS,79.04,45.38,12.36,71.0,92.14,33.84,38.04,62.89,90.55,37.0,16.69,65.79
855,Jonathan Henry,STU0855,B.Tech CSE,69.98,50.15,36.05,74.86,63.2,30.79,51.23,16.21,67.15,43.44,39.11,49.18
856,Rebecca Stevens,STU0856,B.Tech AIDS,51.01,72.37,64.78,46.09,69.09,60.02,39.34,46.88,46.29,62.63,40.82,40.24
857,Lori Marshall,STU0857,B.Tech CSE,99.22,73.49,30.98,64.27,52.96,59.79,53.43,79.74,58.64,48.45,76.05,55.83
858,Scott King,STU0858,B.Tech AIDS,53.04,57.85,47.66,50.23,35.33,31.22,25.04,15.2,28.01,45.64,52.58,43.22
859,Brandon Randall,STU0859,B.Tech AIML,0.0,89.36,77.16,61.14,97.69,25.57,97.19,25.87,55.97,18.15,50.37,59.65
860,Michelle Martinez,STU0860,B.Tech CSE,46.13,67.85,52.48,36.94,35.83,70.27,33.66,72.89,80.57,8.28,78.32,100.0
861,Amanda Francis,STU0861,B.Tech AIML,56.3,64.98,75.93,43.11,54.56,17.15,53.47,62.45,62.9,76.64,30.63,36.68
862,Diane Decker,STU0862,B.Tech CSE,97.39,46.24,55.0,48.32,29.46,90.59,36.81,21.82,38.73,0.0,33.72,25.8
863,Dr. Christina Strong,STU0863,B.Tech CSE,65.44,33.16,72.2,84.96,69.53,44.62,53.53,11.88,46.66,28.49,67.36,100.0
864,Ashley Alvarado,STU0864,B.Tech AIML,62.5,0.22,40.97,53.06,52.18,31.73,56.13,18.94,26.38,66.14,24.61,63.46
865,Michelle Pitts,STU0865,B.Tech CSE,15.76,94.12,30.64,44.41,58.27,35.87,53.59,64.38,74.02,69.79,45.7,46.33
866,Kaitlyn Garcia,STU0866,B.Tech CSE,100.0,73.75,26.95,52.5,41.62,46.62,19.26,39.7,95.29,64.48,0.0,80.42
867,Christopher Miles,STU0867,B.Tech CSE,77.24,41.02,67.93,28.52,38.24,87.46,43.21,3.26,48.42,48.04,79.96,50.36
868,William Rosales,STU0868,B.Tech AIDS,39.46,76.13,53.02,31.25,78.87,54.84,50.07,54.45,23.23,36.81,50.09,45.13
869,Trevor Rodriguez,STU0869,B.Tech CSE,81.81,55.44,71.37,50.23,76.41,59.94,50.34,49.67,26.14,62.67,48.99,37.45
870,Jonathan Foley,STU0870,B.Tech CSE,77.66,18.74,39.44,75.69,57.89,48.8,56.28,54.49,12.08,41.27,90.41,33.52
871,Wendy Barrett,STU0871,B.Tech AIML,42.04,36.46,47.82,35.42,62.17,54.93,69.34,23.73,41.49,44.36,61.39,30.17
872,Vanessa Stevenson,STU0872,B.Tech AIDS,72.89,79.66,25.28,37.73,36.7,100.0,39.25,91.94,18.33,25.26,32.83,28.86
873,Roger Dalton,STU0873,B.Tech CSE,43.3,32.28,29.52,78.96,80.59,73.73,63.1,52.32,37.57,26.17,59.07,20.66
874,Kelly Kerr,STU0874,B.Tech AIML,25.15,78.82,97.52,59.83,77.66,43.85,16.56,65.3,64.23,51.79,43.94,74.06
875,Samuel Turner,STU0875,B.Tech AIML,25.36,30.66,24.8,52.12,22.8,32.89,32.36,43.48,12.82,52.18,81.18,53.39
876,Wayne Jones,STU0876,B.Tech AIDS,88.53,83.35,69.44,51.87,50.56,69.09,40.21,2.94,62.3,21.72,25.95,50.01
877,Benjamin Leon,STU0877,B.Tech AIDS,47.62,14.7,54.14,74.15,21.79,81.81,11.0,100.0,39.72,53.64,2.7,48.45
878,Robert Glass,STU0878,B.Tech CSE,55.71,47.85,35.92,26.34,78.26,50.77,88.52,36.84,39.13,70.39,9.43,19.66
879,Melinda Ruiz,STU0879,B.Tech AIML,77.44,20.7,4.52,96.71,15.15,54.6,51.73,0.0,43.32,61.21,58.86,72.59
880,Joseph Richardson,STU0880,B.Tech AIDS,40.31,67.81,32.77,14.74,17.56,13.45,75.24,12.14,56.85,43.35,47.43,84.09
881,Thomas Long,STU0881,B.Tech AIDS,39.04,65.29,50.94,46.2,100.0,13.97,82.23,66.41,38.01,90.73,3.8,36.96
882,Patricia Shaw,STU0882,B.Tech AIDS,19.79,60.3,22.17,60.83,45.34,38.02,59.72,43.28,22.78,100.0,37.82,0.0
883,Evan Bender,STU0883,B.Tech AIML,28.95,18.32,70.65,58.04,59.97,40.75,43.02,40.73,47.97,70.88,58.4,62.5
884,Bethany Young,STU0884,B.Tech AIML,62.49,72.11,57.2,58.97,79.72,33.37,28.61,20.35,54.57,3.66,61.55,47.27
885,Logan Farrell,STU0885,B.Tech CSE,78.37,33.2,44.92,78.06,84.58,33.0,54.54,57.36,59.34,43.44,82.03,2.76
886,Gabriel Garza,STU0886,B.Tech CSE,39.47,61.2,61.43,83.82,79.96,42.86,82.5,32.15,73.27,95.26,80.37,52.64
887,Douglas Nichols,STU0887,B.Tech AIDS,41.71,11.79,57.76,22.12,30.17,20.23,38.49,49.3,56.84,34.99,76.73,44.79
888,Michael Paul,STU0888,B.Tech AIML,30.31,55.66,99.09,58.38,40.93,11.81,44.51,55.87,40.31,8.37,28.74,86.36
889,Vanessa Sherman,STU0889,B.Tech AIML,85.85,27.83,66.82,20.54,85.11,56.13,73.74,7.12,66.94,49.81,71.3,72.87
890,Barbara Perkins,STU0890,B.Tech CSE,51.64,34.98,69.49,48.5,28.18,27.0,13.07,37.24,77.57,54.45,36.76,70.12
891,Kimberly Lam,STU0891,B.Tech AIDS,29.19,52.38,45.51,69.48,10.57,28.75,9.04,43.51,80.29,37.36,37.23,71.79
892,Jasmine Mcmillan,STU0892,B.Tech CSE,76.71,47.79,67.12,23.08,84.45,100.0,63.03,0.0,36.04,65.32,39.46,81.8
893,Lisa Pearson,STU0893,B.Tech AIML,64.7,32.34,50.81,27.65,45.44,36.14,79.37,100.0,14.22,1.92,43.87,12.04
894,Sheila Sanchez,STU0894,B.Tech AIDS,51.16,68.72,87.35,55.03,45.17,0.54,50.65,51.78,65.97,32.29,39.12,13.05
895,Angelica Jackson,STU0895,B.Tech CSE,0.0,22.29,10.74,58.42,37.05,36.54,25.39,0.0,87.71,24.99,39.69,13.63
896,Lisa Bond,STU0896,B.Tech CSE,74.3,53.59,29.34,40.19,91.95,48.18,45.46,26.47,2.64,46.0,58.14,77.49
897,Jasmine Terrell,STU0897,B.Tech CSE,0.0,21.87,35.48,49.91,46.37,46.96,60.2,27.42,73.35,60.84,42.0,90.02
898,Katherine Elliott,STU0898,B.Tech AIML,88.91,73.32,0.0,89.47,69.87,100.0,80.94,89.46,71.97,83.72,99.85,55.41
899,Amy Mitchell,STU0899,B.Tech AIDS,10.69,42.31,59.75,51.87,18.84,9.22,31.47,70.19,89.51,72.91,76.44,47.98
900,Melanie Burns,STU0900,B.Tech AIML,6.45,38.62,43.53,37.57,51.37,61.04,71.33,43.05,2.41,37.93,51.09,80.57
901,Sarah Burgess,STU0901,B.Tech AIDS,35.8,62.81,57.25,51.1,73.26,33.48,35.62,49.7,34.0,62.7,32.17,55.66
902,Jesus Hayes,STU0902,B.Tech AIML,47.5,55.37,38.51,41.52,52.4,55.05,49.89,92.63,25.23,48.39,10.66,59.3
903,Nicole Burns,STU0903,B.Tech AIDS,22.12,43.04,40.7,57.02,36.18,35.12,85.9,57.11,35.97,43.73,91.13,44.12
904,Amy Buckley,STU0904,B.Tech AIML,32.77,32.88,36.27,35.14,18.01,21.89,29.27,64.79,40.47,44.82,81.75,82.38
905,Joshua Dorsey,STU0905,B.Tech AIML,42.95,34.23,28.39,67.32,44.88,40.34,29.66,30.76,58.0,17.11,74.87,36.65
906,Evan Gordon,STU0906,B.Tech CSE,46.26,16.58,49.69,41.79,48.75,86.79,54.44,30.13,32.22,64.88,82.47,57.05
907,Brianna Hendricks,STU0907,B.Tech AIML,67.22,65.24,85.48,1.26,66.68,74.59,16.53,27.86,28.73,31.78,37.96,56.07
908,Daniel Davis,STU0908,B.Tech AIML,71.64,77.03,29.05,28.88,82.9,66.17,52.07,61.83,49.25,63.11,41.6,56.72
909,Karen Rivera,STU0909,B.Tech CSE,12.24,32.81,33.07,40.64,26.84,36.66,12.14,63.72,47.94,7.37,29.13,58.42
910,Laura Ramirez,STU0910,B.Tech AIDS,36.42,32.58,48.14,58.59,14.09,63.75,29.99,49.55,49.11,36.82,24.41,42.86
911,Charles Turner Jr.,STU0911,B.Tech CSE,90.63,15.96,92.31,43.51,50.88,22.83,30.72,37.43,23.86,44.78,39.82,96.27
912,Brittany Meyers,STU0912,B.Tech AIDS,20.85,52.57,56.2,23.24,67.17,40.04,0.0,66.5,22.08,23.81,67.2,41.32
913,Nathaniel Ford,STU0913,B.Tech AIDS,72.94,80.25,33.88,69.83,31.11,100.0,32.68,75.65,71.09,57.9,33.24,46.22
914,Jacob Logan,STU0914,B.Tech AIML,0.0,55.61,58.74,53.34,0.0,18.36,31.3,57.29,57.23,45.74,65.88,24.34
915,Anna Romero,STU0915,B.Tech AIDS,65.26,61.87,59.44,45.45,95.77,62.33,25.79,56.21,68.81,35.3,77.23,59.55
916,Miranda Moore,STU0916,B.Tech CSE,0.0,57.49,39.85,63.43,73.61,54.88,91.63,45.53,65.62,70.12,47.57,69.47
917,Cody Kramer,STU0917,B.Tech AIML,35.13,39.44,17.19,56.04,58.13,79.48,69.78,42.88,20.55,60.82,77.77,68.88
918,Jenna Parker,STU0918,B.Tech CSE,77.11,44.7,38.33,31.58,48.6,48.04,55.17,46.77,46.66,30.58,73.54,51.91
919,Angela Weaver,STU0919,B.Tech CSE,45.64,31.31,16.7,82.7,63.87,9.4,69.08,73.06,53.11,89.95,55.42,14.58
920,Kevin Olsen,STU0920,B.Tech CSE,59.13,56.12,34.92,64.34,8.31,74.76,28.05,25.38,47.15,60.82,54.1,31.43
921,Matthew Nash,STU0921,B.Tech CSE,37.35,21.67,44.38,76.88,49.89,71.49,86.39,35.3,45.34,100.0,86.11,8.19
922,Kristin Kelly,STU0922,B.Tech AIML,59.68,50.01,70.66,31.38,29.01,33.1,35.7,70.38,20.47,34.43,5.27,75.18
923,Lisa Fernandez,STU0923,B.Tech AIML,81.78,41.82,42.55,61.33,86.86,60.22,32.56,9.53,22.12,51.83,33.62,54.87
924,Jessica Walker,STU0924,B.Tech AIML,36.18,23.55,20.57,89.06,72.22,93.26,63.5,39.25,83.08,49.17,55.52,48.93
925,Sarah Mullen,STU0925,B.Tech AIML,0.0,90.12,62.28,58.25,48.46,54.09,35.07,65.41,17.32,54.65,64.04,45.03
926,Shannon Griffin,STU0926,B.Tech CSE,59.27,25.22,25.85,55.92,66.96,3.13,63.05,36.42,45.18,16.51,28.71,74.15
927,Erin Jones,STU0927,B.Tech AIDS,50.82,40.43,47.09,62.23,61.01,48.12,77.32,74.26,60.33,51.37,66.43,57.86
928,Barbara Farmer,STU0928,B.Tech AIDS,76.52,72.49,24.54,22.85,32.47,74.4,10.59,59.87,59.06,79.07,54.51,16.42
929,Joseph Lopez,STU0929,B.Tech AIML,26.02,20.45,36.55,45.43,20.86,86.77,16.87,83.65,79.63,72.46,32.66,58.56
930,Justin Hart,STU0930,B.Tech AIDS,18.07,72.77,48.15,39.77,19.41,0.0,24.04,77.82,39.93,45.77,66.39,95.14
931,Kathryn Mata,STU0931,B.Tech AIDS,83.13,25.69,1.44,100.0,100.0,54.71,18.24,74.08,47.3,47.18,72.36,58.36
932,Stephanie Patel,STU0932,B.Tech AIDS,20.35,41.88,66.53,62.76,56.55,73.34,40.96,54.47,0.0,38.76,69.1,40.24
933,Timothy Duncan,STU0933,B.Tech AIDS,38.34,23.96,75.08,63.71,70.64,6.84,45.99,43.0,42.99,34.6,41.35,71.24
934,Barry Garcia,STU0934,B.Tech CSE,2.18,94.43,62.1,48.94,72.67,13.7,33.38,46.97,84.14,48.84,61.25,35.26
935,Amanda Boyle,STU0935,B.Tech AIDS,62.17,91.93,74.89,47.96,66.89,64.44,62.66,77.8,77.61,46.82,66.05,40.42
936,Alice Zimmerman,STU0936,B.Tech AIDS,26.92,43.26,48.09,8.46,71.51,0.0,100.0,87.55,43.47,50.24,57.57,35.27
937,Mark Miles,STU0937,B.Tech AIDS,54.82,46.4,47.64,54.54,17.16,50.99,54.09,53.22,44.6,78.45,41.16,55.68
938,Tyler Romero,STU0938,B.Tech AIML,82.43,48.02,55.36,47.59,80.93,43.56,82.08,47.41,28.51,66.98,42.38,65.51
939,Richard Williams,STU0939,B.Tech AIDS,0.0,50.13,38.51,23.42,36.17,35.66,48.8,15.82,57.91,84.16,57.02,70.22
940,Margaret Goodman,STU0940,B.Tech CSE,77.36,80.91,96.75,37.52,32.04,69.59,67.71,69.39,97.23,50.28,60.65,25.49
941,Courtney Gonzales,STU0941,B.Tech CSE,100.0,41.59,42.29,41.33,33.88,31.76,36.91,15.86,30.37,98.72,68.39,73.15
942,Gail Bell,STU0942,B.Tech CSE,79.43,95.85,5.71,19.25,29.91,38.26,42.49,38.83,55.48,50.88,31.93,0.0
943,Casey Holland,STU0943,B.Tech AIDS,25.18,36.27,43.82,21.76,37.73,21.73,46.85,23.17,28.78,17.28,46.16,28.34
944,Martin Anderson,STU0944,B.Tech AIDS,72.67,60.15,48.25,30.06,59.51,67.27,53.57,90.09,61.49,72.84,53.34,66.89
945,Mike Molina,STU0945,B.Tech CSE,30.08,38.54,58.73,58.55,62.69,77.51,14.38,25.64,55.74,31.89,100.0,62.89
946,Emily Shepherd,STU0946,B.Tech AIDS,48.04,37.11,38.0,50.75,52.8,38.58,43.17,83.61,84.61,56.3,16.47,63.46
947,Michelle Gordon,STU0947,B.Tech CSE,88.86,84.24,68.36,85.56,51.33,65.7,32.98,57.31,83.24,35.26,28.46,52.44
948,Jenna Trujillo,STU0948,B.Tech CSE,44.33,66.23,38.67,92.96,17.76,81.34,30.88,5.1,55.95,43.63,22.26,7.97
949,Matthew Wilson,STU0949,B.Tech AIDS,49.79,74.4,64.62,51.42,61.97,49.32,14.26,14.48,44.92,45.98,71.27,68.93
950,Amanda Hodges,STU0950,B.Tech CSE,65.13,42.99,15.48,60.3,63.13,0.0,29.14,32.72,52.96,29.92,49.05,44.74
951,Tammy Santana,STU0951,B.Tech AIDS,46.02,32.09,34.03,22.99,59.5,64.28,30.73,88.02,42.13,88.25,33.95,0.0
952,Laura Black,STU0952,B.Tech AIML,60.05,56.21,50.86,33.94,49.14,37.22,42.44,71.04,54.61,65.25,44.2,41.45
953,Melissa Espinoza,STU0953,B.Tech AIML,21.16,40.75,0.0,35.24,47.95,64.09,43.28,58.69,0.0,48.58,8.01,19.79
954,Lisa Horton,STU0954,B.Tech AIDS,45.32,81.91,59.28,50.46,49.51,32.16,36.4,60.68,15.37,64.83,40.29,70.64
955,Mr. George Robinson III,STU0955,B.Tech AIML,74.03,8.17,35.46,28.61,4.68,24.19,100.0,65.24,97.93,70.73,31.45,40.46
956,Philip Harmon,STU0956,B.Tech AIDS,64.71,60.94,35.57,12.25,100.0,46.47,41.86,52.83,43.93,53.07,82.17,46.89
957,Ann Rogers,STU0957,B.Tech AIML,20.93,45.96,38.39,85.6,79.28,52.69,18.03,19.35,50.38,58.41,40.63,38.0
958,Susan Freeman,STU0958,B.Tech CSE,35.18,49.42,0.0,22.47,34.32,80.19,29.65,54.51,55.66,82.45,81.56,48.56
959,Christine Mcneil,STU0959,B.Tech AIDS,38.11,33.4,43.97,39.15,63.84,60.51,64.8,81.48,96.57,53.12,77.49,41.21
960,Tara Lowery,STU0960,B.Tech AIML,79.63,76.54,75.21,52.35,33.29,15.14,49.0,88.33,42.25,69.63,71.1,42.91
961,Charles Deleon,STU0961,B.Tech CSE,82.91,0.0,19.43,27.11,29.51,58.41,57.25,59.85,64.9,26.25,19.55,59.91
962,Amy Reed,STU0962,B.Tech CSE,34.24,10.74,74.28,84.88,88.93,54.68,65.65,84.25,33.96,77.77,56.88,72.84
963,Marie Conner,STU0963,B.Tech AIDS,54.65,82.41,55.59,12.9,86.3,26.31,81.33,47.74,79.4,78.37,60.75,62.71
964,Heather Williams,STU0964,B.Tech AIDS,60.57,0.0,52.96,22.1,54.28,21.43,20.38,90.12,76.74,49.9,54.62,43.8
965,Amanda Knox,STU0965,B.Tech AIML,64.25,33.1,74.84,43.67,39.5,50.54,35.22,58.22,36.57,61.71,80.4,32.02
966,Richard Perez,STU0966,B.Tech AIML,46.74,61.53,39.1,61.61,63.88,77.08,34.85,26.43,42.31,25.81,64.11,20.96
967,Steven Clark,STU0967,B.Tech CSE,100.0,82.4,50.31,71.68,9.08,100.0,35.24,46.99,3.6,62.16,22.34,52.54
968,Gregory Griffith,STU0968,B.Tech CSE,36.39,23.06,29.89,55.64,17.96,31.28,66.58,100.0,61.94,27.07,40.82,50.79
969,Stephanie Gutierrez,STU0969,B.Tech AIDS,41.26,72.58,55.44,72.7,42.14,83.14,45.84,25.72,100.0,4.38,31.53,34.32
970,Andrew Bryant,STU0970,B.Tech CSE,100.0,95.17,87.35,41.73,100.0,59.21,74.43,54.49,48.76,43.71,44.76,65.21
971,Connor Hernandez,STU0971,B.Tech AIDS,59.18,49.21,87.74,0.0,62.75,67.94,78.67,48.38,55.2,74.65,87.28,42.49
972,Timothy Jefferson,STU0972,B.Tech AIML,56.67,91.96,0.0,32.75,86.65,77.31,63.06,38.79,27.95,35.22,88.7,34.29
973,Tara Montgomery,STU0973,B.Tech AIML,52.54,31.16,71.07,36.53,47.56,7.92,9.67,50.19,16.87,100.0,0.0,30.0
974,Jennifer Hawkins,STU0974,B.Tech AIDS,50.42,40.87,22.4,26.05,25.23,42.83,98.8,51.95,79.57,62.67,77.85,0.0
975,Charles Grimes,STU0975,B.Tech AIML,42.39,82.68,35.71,94.06,87.1,38.27,37.42,24.66,34.26,19.19,60.72,13.6
976,Zachary Fisher,STU0976,B.Tech CSE,65.09,65.7,8.47,88.75,62.84,68.74,31.03,65.56,78.16,47.53,100.0,51.1
977,Kenneth Clark,STU0977,B.Tech CSE,78.52,57.33,64.64,8.22,59.28,31.63,28.84,93.6,44.66,24.92,41.02,17.49
978,Adam Maynard,STU0978,B.Tech AIDS,85.85,32.61,63.23,83.9,37.5,63.3,24.25,100.0,73.41,45.18,30.68,47.15
979,Mrs. Sarah Evans,STU0979,B.Tech CSE,41.5,98.82,19.36,53.37,49.54,47.06,47.28,47.1,71.83,65.22,60.47,0.0
980,Amanda Keller,STU0980,B.Tech AIML,57.49,8.61,66.16,86.86,26.84,43.46,35.02,80.89,52.38,93.21,60.34,56.06
981,Charles Adams,STU0981,B.Tech AIML,51.71,70.45,6.56,52.13,48.25,68.14,45.31,24.03,50.18,22.93,1.87,68.18
982,Brian Smith,STU0982,B.Tech CSE,64.48,61.68,82.57,33.37,14.22,48.25,41.31,28.94,48.0,34.71,4.1,38.97
983,David Choi,STU0983,B.Tech AIDS,21.59,55.79,33.6,77.79,90.1,66.98,11.22,87.63,89.39,50.47,83.07,36.21
984,Tiffany Patrick,STU0984,B.Tech AIDS,3.34,30.99,93.23,12.72,49.99,50.85,37.18,38.91,51.81,35.95,14.45,55.38
985,Jeffrey Davis,STU0985,B.Tech CSE,76.83,71.74,29.76,18.72,42.9,89.19,66.14,67.6,72.25,60.52,53.02,66.56
986,Laura Gonzalez,STU0986,B.Tech AIDS,36.35,14.64,68.07,80.94,22.04,70.55,92.02,49.94,29.55,53.08,36.24,34.58
987,Geoffrey Watson,STU0987,B.Tech AIML,60.83,9.91,13.9,50.48,49.44,58.59,96.88,52.61,64.95,25.61,69.2,36.84
988,Joel Smith,STU0988,B.Tech AIDS,51.79,47.28,75.82,17.25,0.0,44.66,61.71,53.81,80.81,60.93,35.9,0.0
989,Pamela Day,STU0989,B.Tech AIML,44.07,75.7,40.2,50.71,60.53,24.62,65.58,90.93,45.68,21.77,48.33,0.0
990,Jonathan Baker,STU0990,B.Tech CSE,58.42,61.31,91.89,45.15,60.21,28.47,41.09,11.87,45.13,42.37,57.48,34.41
991,Jay Graves,STU0991,B.Tech AIDS,52.08,41.67,41.71,52.01,51.01,69.03,46.98,41.25,45.48,32.13,41.0,100.0
992,Heather Hernandez,STU0992,B.Tech AIML,27.18,43.03,40.31,43.82,41.72,56.98,7.25,75.93,65.81,18.93,0.0,25.57
993,Thomas Carlson MD,STU0993,B.Tech CSE,43.93,100.0,63.58,4.81,32.76,48.67,56.34,17.13,46.63,32.06,22.41,56.49
994,Julie Torres,STU0994,B.Tech AIML,69.35,71.03,64.36,37.57,67.86,57.73,53.35,34.71,37.58,51.85,100.0,57.53
995,Stephanie Davis,STU0995,B.Tech CSE,34.72,29.19,37.71,100.0,40.02,72.67,40.6,56.53,69.79,35.7,33.97,91.47
996,Stephen Decker,STU0996,B.Tech CSE,74.61,69.77,69.68,61.49,100.0,51.1,64.43,13.73,29.38,19.98,81.85,0.0
997,Ryan Simmons,STU0997,B.Tech CSE,39.94,0.0,29.22,37.73,84.62,59.92,29.17,76.65,50.45,50.94,19.93,25.25
998,Debra Morton,STU0998,B.Tech AIDS,29.37,51.16,51.95,88.6,59.63,0.0,56.57,13.75,25.85,29.7,33.42,15.62
999,Juan Russell,STU0999,B.Tech CSE,55.09,14.73,58.92,100.0,16.77,42.89,0.0,42.48,66.07,68.02,51.93,72.23
1000,Danielle Finley,STU1000,B.Tech CSE,100.0,92.81,36.94,13.72,39.85,26.33,61.28,20.47,48.18,70.95,47.48,26.34Parth Sachin Bhirwandekar,STU1001,B.Tech AIML,0,0,0,0,0,0,0,0,0,0,0,0
Parth Bhirwandekar,STU1002,B.Tech AIDS,0,0,0,0,0,0,0,0,0,0,0,0
Parth Bhirwandekar,STU1003,B.Tech AIDS,55.0,60.0,49.0,75.0,89.0,45.0,62.0,39.0,49.0,85.0,56.0,47.27482370294379
Parth Bhirwandekar,STU1003,B.Tech CSE,0,0,0,0,0,0,0,0,0,0,0,0
Parth Bhirwandekar,STU1004,B.Tech CSE,60.0,55.0,84.0,75.0,69.0,58.0,74.0,49.0,61.0,59.0,50.0,50.83107468280358
Parth Bhirwandekar,STU1004,B.Tech CSE,0,0,0,0,0,0,0,0,0,0,0,0
Parth Bhirwandekar,STU1005,B.Tech CSE,55.0,60.0,78.0,99.0,45.0,66.0,52.0,48.0,63.0,59.0,78.0,51.051063955930125
Yash,STU1005,B.Tech AIML,0,0,0,0,0,0,0,0,0,0,0,0
Yash,STU1006,B.Tech AIML,55.0,62.0,75.0,66.0,59.0,84.0,45.0,78.0,96.0,49.0,44.0,49.094396759071756
Utkarsh,STU1006,B.Tech CSE,0,0,0,0,0,0,0,0,0,0,0,0
Utkarsh,STU1007,B.Tech CSE,59.0,69.0,78.0,54.0,63.0,45.0,58.0,57.0,89.0,74.0,56.0,48.37186612270999
John Doe,STU1007,B.Tech CSE,0,0,0,0,0,0,0,0,0,0,0,0
John Doe,STU1008,B.Tech CSE,85.0,85.0,85.0,85.0,85.0,85.0,85.0,85.0,85.0,85.0,85.0,46.21857075129448
Test Student,STU1008,B.Tech CSE,0,0,0,0,0,0,0,0,0,0,0,0
Test Student,STU1009,B.Tech CSE,95.0,95.0,95.0,95.0,95.0,95.0,95.0,95.0,95.0,95.0,95.0,45.10181624565679
Utkarsh ,STU1009,B.Tech CSE,0,0,0,0,0,0,0,0,0,0,0,0
Utkarsh ,STU1010,B.Tech CSE,56.0,66.0,75.0,58.0,86.0,78.0,64.0,69.0,85.0,78.0,56.0,47.572606080761815
